URL,RecipeName,IngredientsCleaned
https://www.tasteofhome.com/recipes/mini-caramel-rolls/,Mini Caramel Rolls,sugar
https://www.tasteofhome.com/recipes/mini-caramel-rolls/,Mini Caramel Rolls,butter
https://www.tasteofhome.com/recipes/mini-caramel-rolls/,Mini Caramel Rolls,syrup
https://www.tasteofhome.com/recipes/mini-caramel-rolls/,Mini Caramel Rolls,milk
https://www.tasteofhome.com/recipes/mini-caramel-rolls/,Mini Caramel Rolls,rolls
https://www.tasteofhome.com/recipes/mini-caramel-rolls/,Mini Caramel Rolls,sugar
https://www.tasteofhome.com/recipes/mini-caramel-rolls/,Mini Caramel Rolls,cinnamon
https://www.tasteofhome.com/recipes/three-bean-baked-beans/,Three-Bean Baked Beans,beef
https://www.tasteofhome.com/recipes/three-bean-baked-beans/,Three-Bean Baked Beans,diced
https://www.tasteofhome.com/recipes/three-bean-baked-beans/,Three-Bean Baked Beans,onion
https://www.tasteofhome.com/recipes/three-bean-baked-beans/,Three-Bean Baked Beans,sugar
https://www.tasteofhome.com/recipes/three-bean-baked-beans/,Three-Bean Baked Beans,sugar
https://www.tasteofhome.com/recipes/three-bean-baked-beans/,Three-Bean Baked Beans,ketchup
https://www.tasteofhome.com/recipes/three-bean-baked-beans/,Three-Bean Baked Beans,sauce
https://www.tasteofhome.com/recipes/three-bean-baked-beans/,Three-Bean Baked Beans,molasses
https://www.tasteofhome.com/recipes/three-bean-baked-beans/,Three-Bean Baked Beans,mustard
https://www.tasteofhome.com/recipes/three-bean-baked-beans/,Three-Bean Baked Beans,powder
https://www.tasteofhome.com/recipes/three-bean-baked-beans/,Three-Bean Baked Beans,salt
https://www.tasteofhome.com/recipes/three-bean-baked-beans/,Three-Bean Baked Beans,undrained
https://www.tasteofhome.com/recipes/three-bean-baked-beans/,Three-Bean Baked Beans,drained
https://www.tasteofhome.com/recipes/three-bean-baked-beans/,Three-Bean Baked Beans,drained
https://www.tasteofhome.com/recipes/pepper-poppers/,Pepper Poppers,softened
https://www.tasteofhome.com/recipes/pepper-poppers/,Pepper Poppers,cheese
https://www.tasteofhome.com/recipes/pepper-poppers/,Pepper Poppers,cheese
https://www.tasteofhome.com/recipes/pepper-poppers/,Pepper Poppers,crumbled
https://www.tasteofhome.com/recipes/pepper-poppers/,Pepper Poppers,salt
https://www.tasteofhome.com/recipes/pepper-poppers/,Pepper Poppers,powder
https://www.tasteofhome.com/recipes/pepper-poppers/,Pepper Poppers,powder
https://www.tasteofhome.com/recipes/pepper-poppers/,Pepper Poppers,seeded
https://www.tasteofhome.com/recipes/pepper-poppers/,Pepper Poppers,crumbs
https://www.tasteofhome.com/recipes/pepper-poppers/,Pepper Poppers,dressing
https://www.tasteofhome.com/recipes/sour-cream-chip-muffins/,Sour Cream Chip Muffins,flour
https://www.tasteofhome.com/recipes/sour-cream-chip-muffins/,Sour Cream Chip Muffins,sugar
https://www.tasteofhome.com/recipes/sour-cream-chip-muffins/,Sour Cream Chip Muffins,powder
https://www.tasteofhome.com/recipes/sour-cream-chip-muffins/,Sour Cream Chip Muffins,soda
https://www.tasteofhome.com/recipes/sour-cream-chip-muffins/,Sour Cream Chip Muffins,salt
https://www.tasteofhome.com/recipes/sour-cream-chip-muffins/,Sour Cream Chip Muffins,egg
https://www.tasteofhome.com/recipes/sour-cream-chip-muffins/,Sour Cream Chip Muffins,cream
https://www.tasteofhome.com/recipes/sour-cream-chip-muffins/,Sour Cream Chip Muffins,melted
https://www.tasteofhome.com/recipes/sour-cream-chip-muffins/,Sour Cream Chip Muffins,extract
https://www.tasteofhome.com/recipes/sour-cream-chip-muffins/,Sour Cream Chip Muffins,chips
https://www.tasteofhome.com/recipes/onion-beef-au-jus/,Onion Beef au Jus,pounds
https://www.tasteofhome.com/recipes/onion-beef-au-jus/,Onion Beef au Jus,oil
https://www.tasteofhome.com/recipes/onion-beef-au-jus/,Onion Beef au Jus,slices
https://www.tasteofhome.com/recipes/onion-beef-au-jus/,Onion Beef au Jus,divided
https://www.tasteofhome.com/recipes/onion-beef-au-jus/,Onion Beef au Jus,water
https://www.tasteofhome.com/recipes/onion-beef-au-jus/,Onion Beef au Jus,sauce
https://www.tasteofhome.com/recipes/onion-beef-au-jus/,Onion Beef au Jus,mix
https://www.tasteofhome.com/recipes/onion-beef-au-jus/,Onion Beef au Jus,minced
https://www.tasteofhome.com/recipes/onion-beef-au-jus/,Onion Beef au Jus,optional
https://www.tasteofhome.com/recipes/onion-beef-au-jus/,Onion Beef au Jus,bread
https://www.tasteofhome.com/recipes/onion-beef-au-jus/,Onion Beef au Jus,cheese
https://www.tasteofhome.com/recipes/tasty-italian-vegetable-soup/,Tasty-Italian Vegetable Soup,sausage
https://www.tasteofhome.com/recipes/tasty-italian-vegetable-soup/,Tasty-Italian Vegetable Soup,sliced
https://www.tasteofhome.com/recipes/tasty-italian-vegetable-soup/,Tasty-Italian Vegetable Soup,water
https://www.tasteofhome.com/recipes/tasty-italian-vegetable-soup/,Tasty-Italian Vegetable Soup,drained
https://www.tasteofhome.com/recipes/tasty-italian-vegetable-soup/,Tasty-Italian Vegetable Soup,undrained
https://www.tasteofhome.com/recipes/tasty-italian-vegetable-soup/,Tasty-Italian Vegetable Soup,broth
https://www.tasteofhome.com/recipes/tasty-italian-vegetable-soup/,Tasty-Italian Vegetable Soup,slices
https://www.tasteofhome.com/recipes/tasty-italian-vegetable-soup/,Tasty-Italian Vegetable Soup,basil
https://www.tasteofhome.com/recipes/tasty-italian-vegetable-soup/,Tasty-Italian Vegetable Soup,cheese
https://www.tasteofhome.com/recipes/apple-dumpling-bake/,Apple Dumpling Bake,apples
https://www.tasteofhome.com/recipes/apple-dumpling-bake/,Apple Dumpling Bake,rolls
https://www.tasteofhome.com/recipes/apple-dumpling-bake/,Apple Dumpling Bake,sugar
https://www.tasteofhome.com/recipes/apple-dumpling-bake/,Apple Dumpling Bake,softened
https://www.tasteofhome.com/recipes/apple-dumpling-bake/,Apple Dumpling Bake,cinnamon
https://www.tasteofhome.com/recipes/apple-dumpling-bake/,Apple Dumpling Bake,soda
https://www.tasteofhome.com/recipes/apple-dumpling-bake/,Apple Dumpling Bake,cream
https://www.tasteofhome.com/recipes/crown-roast-of-pork-with-mushroom-dressing/,Crown Roast of Pork with Mushroom Dressing,pounds
https://www.tasteofhome.com/recipes/crown-roast-of-pork-with-mushroom-dressing/,Crown Roast of Pork with Mushroom Dressing,salt
https://www.tasteofhome.com/recipes/crown-roast-of-pork-with-mushroom-dressing/,Crown Roast of Pork with Mushroom Dressing,dressing
https://www.tasteofhome.com/recipes/crown-roast-of-pork-with-mushroom-dressing/,Crown Roast of Pork with Mushroom Dressing,butter
https://www.tasteofhome.com/recipes/crown-roast-of-pork-with-mushroom-dressing/,Crown Roast of Pork with Mushroom Dressing,mushrooms
https://www.tasteofhome.com/recipes/crown-roast-of-pork-with-mushroom-dressing/,Crown Roast of Pork with Mushroom Dressing,celery
https://www.tasteofhome.com/recipes/crown-roast-of-pork-with-mushroom-dressing/,Crown Roast of Pork with Mushroom Dressing,bread
https://www.tasteofhome.com/recipes/crown-roast-of-pork-with-mushroom-dressing/,Crown Roast of Pork with Mushroom Dressing,salt
https://www.tasteofhome.com/recipes/crown-roast-of-pork-with-mushroom-dressing/,Crown Roast of Pork with Mushroom Dressing,pepper
https://www.tasteofhome.com/recipes/crown-roast-of-pork-with-mushroom-dressing/,Crown Roast of Pork with Mushroom Dressing,preserves
https://www.tasteofhome.com/recipes/crown-roast-of-pork-with-mushroom-dressing/,Crown Roast of Pork with Mushroom Dressing,optional
https://www.tasteofhome.com/recipes/tasty-lentil-tacos/,Tasty Lentil Tacos,oil
https://www.tasteofhome.com/recipes/tasty-lentil-tacos/,Tasty Lentil Tacos,chopped
https://www.tasteofhome.com/recipes/tasty-lentil-tacos/,Tasty Lentil Tacos,minced
https://www.tasteofhome.com/recipes/tasty-lentil-tacos/,Tasty Lentil Tacos,rinsed
https://www.tasteofhome.com/recipes/tasty-lentil-tacos/,Tasty Lentil Tacos,powder
https://www.tasteofhome.com/recipes/tasty-lentil-tacos/,Tasty Lentil Tacos,cumin
https://www.tasteofhome.com/recipes/tasty-lentil-tacos/,Tasty Lentil Tacos,oregano
https://www.tasteofhome.com/recipes/tasty-lentil-tacos/,Tasty Lentil Tacos,broth
https://www.tasteofhome.com/recipes/tasty-lentil-tacos/,Tasty Lentil Tacos,salsa
https://www.tasteofhome.com/recipes/tasty-lentil-tacos/,Tasty Lentil Tacos,shells
https://www.tasteofhome.com/recipes/tasty-lentil-tacos/,Tasty Lentil Tacos,lettuce
https://www.tasteofhome.com/recipes/tasty-lentil-tacos/,Tasty Lentil Tacos,tomatoes
https://www.tasteofhome.com/recipes/tasty-lentil-tacos/,Tasty Lentil Tacos,cheese
https://www.tasteofhome.com/recipes/tasty-lentil-tacos/,Tasty Lentil Tacos,cream
https://www.tasteofhome.com/recipes/garlic-roasted-brussels-sprouts-with-mustard-sauce/,Garlic-Roasted Brussels Sprouts with Mustard Sauce,halved
https://www.tasteofhome.com/recipes/garlic-roasted-brussels-sprouts-with-mustard-sauce/,Garlic-Roasted Brussels Sprouts with Mustard Sauce,oil
https://www.tasteofhome.com/recipes/garlic-roasted-brussels-sprouts-with-mustard-sauce/,Garlic-Roasted Brussels Sprouts with Mustard Sauce,minced
https://www.tasteofhome.com/recipes/garlic-roasted-brussels-sprouts-with-mustard-sauce/,Garlic-Roasted Brussels Sprouts with Mustard Sauce,cream
https://www.tasteofhome.com/recipes/garlic-roasted-brussels-sprouts-with-mustard-sauce/,Garlic-Roasted Brussels Sprouts with Mustard Sauce,mustard
https://www.tasteofhome.com/recipes/garlic-roasted-brussels-sprouts-with-mustard-sauce/,Garlic-Roasted Brussels Sprouts with Mustard Sauce,pepper
https://www.tasteofhome.com/recipes/garlic-roasted-brussels-sprouts-with-mustard-sauce/,Garlic-Roasted Brussels Sprouts with Mustard Sauce,salt
https://www.tasteofhome.com/recipes/caramel-pecan-rolls/,Caramel Pecan Rolls,milk
https://www.tasteofhome.com/recipes/caramel-pecan-rolls/,Caramel Pecan Rolls,water
https://www.tasteofhome.com/recipes/caramel-pecan-rolls/,Caramel Pecan Rolls,sugar
https://www.tasteofhome.com/recipes/caramel-pecan-rolls/,Caramel Pecan Rolls,butter
https://www.tasteofhome.com/recipes/caramel-pecan-rolls/,Caramel Pecan Rolls,cornmeal
https://www.tasteofhome.com/recipes/caramel-pecan-rolls/,Caramel Pecan Rolls,salt
https://www.tasteofhome.com/recipes/caramel-pecan-rolls/,Caramel Pecan Rolls,flour
https://www.tasteofhome.com/recipes/caramel-pecan-rolls/,Caramel Pecan Rolls,yeast
https://www.tasteofhome.com/recipes/caramel-pecan-rolls/,Caramel Pecan Rolls,eggs
https://www.tasteofhome.com/recipes/caramel-pecan-rolls/,Caramel Pecan Rolls,topping
https://www.tasteofhome.com/recipes/caramel-pecan-rolls/,Caramel Pecan Rolls,sugar
https://www.tasteofhome.com/recipes/caramel-pecan-rolls/,Caramel Pecan Rolls,butter
https://www.tasteofhome.com/recipes/caramel-pecan-rolls/,Caramel Pecan Rolls,milk
https://www.tasteofhome.com/recipes/caramel-pecan-rolls/,Caramel Pecan Rolls,pecans
https://www.tasteofhome.com/recipes/caramel-pecan-rolls/,Caramel Pecan Rolls,filling
https://www.tasteofhome.com/recipes/caramel-pecan-rolls/,Caramel Pecan Rolls,softened
https://www.tasteofhome.com/recipes/caramel-pecan-rolls/,Caramel Pecan Rolls,sugar
https://www.tasteofhome.com/recipes/caramel-pecan-rolls/,Caramel Pecan Rolls,cinnamon
https://www.tasteofhome.com/recipes/parmesan-chicken-sandwiches/,Parmesan Chicken Sandwiches,flour
https://www.tasteofhome.com/recipes/parmesan-chicken-sandwiches/,Parmesan Chicken Sandwiches,beaten
https://www.tasteofhome.com/recipes/parmesan-chicken-sandwiches/,Parmesan Chicken Sandwiches,crumbs
https://www.tasteofhome.com/recipes/parmesan-chicken-sandwiches/,Parmesan Chicken Sandwiches,cheese
https://www.tasteofhome.com/recipes/parmesan-chicken-sandwiches/,Parmesan Chicken Sandwiches,halves
https://www.tasteofhome.com/recipes/parmesan-chicken-sandwiches/,Parmesan Chicken Sandwiches,salt
https://www.tasteofhome.com/recipes/parmesan-chicken-sandwiches/,Parmesan Chicken Sandwiches,pepper
https://www.tasteofhome.com/recipes/parmesan-chicken-sandwiches/,Parmesan Chicken Sandwiches,oil
https://www.tasteofhome.com/recipes/parmesan-chicken-sandwiches/,Parmesan Chicken Sandwiches,split
https://www.tasteofhome.com/recipes/parmesan-chicken-sandwiches/,Parmesan Chicken Sandwiches,cheese
https://www.tasteofhome.com/recipes/parmesan-chicken-sandwiches/,Parmesan Chicken Sandwiches,warmed
https://www.tasteofhome.com/recipes/grilled-sausage-basil-pizzas/,Grilled Sausage-Basil Pizzas,links
https://www.tasteofhome.com/recipes/grilled-sausage-basil-pizzas/,Grilled Sausage-Basil Pizzas,breads
https://www.tasteofhome.com/recipes/grilled-sausage-basil-pizzas/,Grilled Sausage-Basil Pizzas,oil
https://www.tasteofhome.com/recipes/grilled-sausage-basil-pizzas/,Grilled Sausage-Basil Pizzas,sauce
https://www.tasteofhome.com/recipes/grilled-sausage-basil-pizzas/,Grilled Sausage-Basil Pizzas,cheese
https://www.tasteofhome.com/recipes/grilled-sausage-basil-pizzas/,Grilled Sausage-Basil Pizzas,cheese
https://www.tasteofhome.com/recipes/grilled-sausage-basil-pizzas/,Grilled Sausage-Basil Pizzas,basil
https://www.tasteofhome.com/recipes/bratwurst-supper/,Bratwurst Supper,links
https://www.tasteofhome.com/recipes/bratwurst-supper/,Bratwurst Supper,wedges
https://www.tasteofhome.com/recipes/bratwurst-supper/,Bratwurst Supper,carrots
https://www.tasteofhome.com/recipes/bratwurst-supper/,Bratwurst Supper,rings
https://www.tasteofhome.com/recipes/bratwurst-supper/,Bratwurst Supper,drained
https://www.tasteofhome.com/recipes/bratwurst-supper/,Bratwurst Supper,butter
https://www.tasteofhome.com/recipes/bratwurst-supper/,Bratwurst Supper,mix
https://www.tasteofhome.com/recipes/bratwurst-supper/,Bratwurst Supper,sauce
https://www.tasteofhome.com/recipes/bratwurst-supper/,Bratwurst Supper,pepper
https://www.tasteofhome.com/recipes/sesame-wheat-braids/,Sesame Wheat Braids,yeast
https://www.tasteofhome.com/recipes/sesame-wheat-braids/,Sesame Wheat Braids,water
https://www.tasteofhome.com/recipes/sesame-wheat-braids/,Sesame Wheat Braids,sugar
https://www.tasteofhome.com/recipes/sesame-wheat-braids/,Sesame Wheat Braids,oil
https://www.tasteofhome.com/recipes/sesame-wheat-braids/,Sesame Wheat Braids,flour
https://www.tasteofhome.com/recipes/sesame-wheat-braids/,Sesame Wheat Braids,eggs
https://www.tasteofhome.com/recipes/sesame-wheat-braids/,Sesame Wheat Braids,water
https://www.tasteofhome.com/recipes/sesame-wheat-braids/,Sesame Wheat Braids,salt
https://www.tasteofhome.com/recipes/sesame-wheat-braids/,Sesame Wheat Braids,flour
https://www.tasteofhome.com/recipes/sesame-wheat-braids/,Sesame Wheat Braids,seeds
https://www.tasteofhome.com/recipes/quick-chocolate-sandwich-cookies/,Quick Chocolate Sandwich Cookies,size
https://www.tasteofhome.com/recipes/quick-chocolate-sandwich-cookies/,Quick Chocolate Sandwich Cookies,oil
https://www.tasteofhome.com/recipes/quick-chocolate-sandwich-cookies/,Quick Chocolate Sandwich Cookies,eggs
https://www.tasteofhome.com/recipes/quick-chocolate-sandwich-cookies/,Quick Chocolate Sandwich Cookies,filling
https://www.tasteofhome.com/recipes/quick-chocolate-sandwich-cookies/,Quick Chocolate Sandwich Cookies,softened
https://www.tasteofhome.com/recipes/quick-chocolate-sandwich-cookies/,Quick Chocolate Sandwich Cookies,softened
https://www.tasteofhome.com/recipes/quick-chocolate-sandwich-cookies/,Quick Chocolate Sandwich Cookies,sugar
https://www.tasteofhome.com/recipes/quick-chocolate-sandwich-cookies/,Quick Chocolate Sandwich Cookies,extract
https://www.tasteofhome.com/recipes/cappuccino-punch/,Cappuccino Punch,sugar
https://www.tasteofhome.com/recipes/cappuccino-punch/,Cappuccino Punch,granules
https://www.tasteofhome.com/recipes/cappuccino-punch/,Cappuccino Punch,water
https://www.tasteofhome.com/recipes/cappuccino-punch/,Cappuccino Punch,milk
https://www.tasteofhome.com/recipes/cappuccino-punch/,Cappuccino Punch,softened
https://www.tasteofhome.com/recipes/cappuccino-punch/,Cappuccino Punch,softened
https://www.tasteofhome.com/recipes/cappuccino-punch/,Cappuccino Punch,optional
https://www.tasteofhome.com/recipes/caribbean-spiced-pork-tenderloin-with-peach-salsa/,Caribbean-Spiced Pork Tenderloin with Peach Salsa,peaches
https://www.tasteofhome.com/recipes/caribbean-spiced-pork-tenderloin-with-peach-salsa/,Caribbean-Spiced Pork Tenderloin with Peach Salsa,chopped
https://www.tasteofhome.com/recipes/caribbean-spiced-pork-tenderloin-with-peach-salsa/,Caribbean-Spiced Pork Tenderloin with Peach Salsa,chopped
https://www.tasteofhome.com/recipes/caribbean-spiced-pork-tenderloin-with-peach-salsa/,Caribbean-Spiced Pork Tenderloin with Peach Salsa,onion
https://www.tasteofhome.com/recipes/caribbean-spiced-pork-tenderloin-with-peach-salsa/,Caribbean-Spiced Pork Tenderloin with Peach Salsa,cilantro
https://www.tasteofhome.com/recipes/caribbean-spiced-pork-tenderloin-with-peach-salsa/,Caribbean-Spiced Pork Tenderloin with Peach Salsa,juice
https://www.tasteofhome.com/recipes/caribbean-spiced-pork-tenderloin-with-peach-salsa/,Caribbean-Spiced Pork Tenderloin with Peach Salsa,minced
https://www.tasteofhome.com/recipes/caribbean-spiced-pork-tenderloin-with-peach-salsa/,Caribbean-Spiced Pork Tenderloin with Peach Salsa,salt
https://www.tasteofhome.com/recipes/caribbean-spiced-pork-tenderloin-with-peach-salsa/,Caribbean-Spiced Pork Tenderloin with Peach Salsa,pepper
https://www.tasteofhome.com/recipes/caribbean-spiced-pork-tenderloin-with-peach-salsa/,Caribbean-Spiced Pork Tenderloin with Peach Salsa,oil
https://www.tasteofhome.com/recipes/caribbean-spiced-pork-tenderloin-with-peach-salsa/,Caribbean-Spiced Pork Tenderloin with Peach Salsa,sugar
https://www.tasteofhome.com/recipes/caribbean-spiced-pork-tenderloin-with-peach-salsa/,Caribbean-Spiced Pork Tenderloin with Peach Salsa,seasoning
https://www.tasteofhome.com/recipes/caribbean-spiced-pork-tenderloin-with-peach-salsa/,Caribbean-Spiced Pork Tenderloin with Peach Salsa,thyme
https://www.tasteofhome.com/recipes/caribbean-spiced-pork-tenderloin-with-peach-salsa/,Caribbean-Spiced Pork Tenderloin with Peach Salsa,crushed
https://www.tasteofhome.com/recipes/caribbean-spiced-pork-tenderloin-with-peach-salsa/,Caribbean-Spiced Pork Tenderloin with Peach Salsa,salt
https://www.tasteofhome.com/recipes/caribbean-spiced-pork-tenderloin-with-peach-salsa/,Caribbean-Spiced Pork Tenderloin with Peach Salsa,pound
https://www.tasteofhome.com/recipes/mushroom-wild-rice-soup/,Mushroom & Wild Rice Soup,water
https://www.tasteofhome.com/recipes/mushroom-wild-rice-soup/,Mushroom & Wild Rice Soup,mushrooms
https://www.tasteofhome.com/recipes/mushroom-wild-rice-soup/,Mushroom & Wild Rice Soup,mushrooms
https://www.tasteofhome.com/recipes/mushroom-wild-rice-soup/,Mushroom & Wild Rice Soup,butter
https://www.tasteofhome.com/recipes/mushroom-wild-rice-soup/,Mushroom & Wild Rice Soup,chopped
https://www.tasteofhome.com/recipes/mushroom-wild-rice-soup/,Mushroom & Wild Rice Soup,mushrooms
https://www.tasteofhome.com/recipes/mushroom-wild-rice-soup/,Mushroom & Wild Rice Soup,mushrooms
https://www.tasteofhome.com/recipes/mushroom-wild-rice-soup/,Mushroom & Wild Rice Soup,minced
https://www.tasteofhome.com/recipes/mushroom-wild-rice-soup/,Mushroom & Wild Rice Soup,broth
https://www.tasteofhome.com/recipes/mushroom-wild-rice-soup/,Mushroom & Wild Rice Soup,mix
https://www.tasteofhome.com/recipes/mushroom-wild-rice-soup/,Mushroom & Wild Rice Soup,salt
https://www.tasteofhome.com/recipes/mushroom-wild-rice-soup/,Mushroom & Wild Rice Soup,pepper
https://www.tasteofhome.com/recipes/mushroom-wild-rice-soup/,Mushroom & Wild Rice Soup,water
https://www.tasteofhome.com/recipes/mushroom-wild-rice-soup/,Mushroom & Wild Rice Soup,cornstarch
https://www.tasteofhome.com/recipes/mushroom-wild-rice-soup/,Mushroom & Wild Rice Soup,cream
https://www.tasteofhome.com/recipes/pork-medallions-in-mustard-sauce/,Pork Medallions in Mustard Sauce,broth
https://www.tasteofhome.com/recipes/pork-medallions-in-mustard-sauce/,Pork Medallions in Mustard Sauce,concentrate
https://www.tasteofhome.com/recipes/pork-medallions-in-mustard-sauce/,Pork Medallions in Mustard Sauce,mustard
https://www.tasteofhome.com/recipes/pork-medallions-in-mustard-sauce/,Pork Medallions in Mustard Sauce,slices
https://www.tasteofhome.com/recipes/pork-medallions-in-mustard-sauce/,Pork Medallions in Mustard Sauce,salt
https://www.tasteofhome.com/recipes/pork-medallions-in-mustard-sauce/,Pork Medallions in Mustard Sauce,pepper
https://www.tasteofhome.com/recipes/pork-medallions-in-mustard-sauce/,Pork Medallions in Mustard Sauce,oil
https://www.tasteofhome.com/recipes/pork-medallions-in-mustard-sauce/,Pork Medallions in Mustard Sauce,minced
https://www.tasteofhome.com/recipes/pork-medallions-in-mustard-sauce/,Pork Medallions in Mustard Sauce,cornstarch
https://www.tasteofhome.com/recipes/pork-medallions-in-mustard-sauce/,Pork Medallions in Mustard Sauce,water
https://www.tasteofhome.com/recipes/pork-medallions-in-mustard-sauce/,Pork Medallions in Mustard Sauce,parsley
https://www.tasteofhome.com/recipes/freezer-burritos/,Freezer Burritos,lean
https://www.tasteofhome.com/recipes/freezer-burritos/,Freezer Burritos,onion
https://www.tasteofhome.com/recipes/freezer-burritos/,Freezer Burritos,salsa
https://www.tasteofhome.com/recipes/freezer-burritos/,Freezer Burritos,seasoning
https://www.tasteofhome.com/recipes/freezer-burritos/,Freezer Burritos,drained
https://www.tasteofhome.com/recipes/freezer-burritos/,Freezer Burritos,water
https://www.tasteofhome.com/recipes/freezer-burritos/,Freezer Burritos,cheese
https://www.tasteofhome.com/recipes/freezer-burritos/,Freezer Burritos,warmed
https://www.tasteofhome.com/recipes/sugar-glazed-ham/,Sugar-Glazed Ham,pounds
https://www.tasteofhome.com/recipes/sugar-glazed-ham/,Sugar-Glazed Ham,sugar
https://www.tasteofhome.com/recipes/sugar-glazed-ham/,Sugar-Glazed Ham,mustard
https://www.tasteofhome.com/recipes/sugar-glazed-ham/,Sugar-Glazed Ham,vinegar
https://www.tasteofhome.com/recipes/praline-pumpkin-torte/,Praline Pumpkin Torte,sugar
https://www.tasteofhome.com/recipes/praline-pumpkin-torte/,Praline Pumpkin Torte,butter
https://www.tasteofhome.com/recipes/praline-pumpkin-torte/,Praline Pumpkin Torte,cream
https://www.tasteofhome.com/recipes/praline-pumpkin-torte/,Praline Pumpkin Torte,pecans
https://www.tasteofhome.com/recipes/praline-pumpkin-torte/,Praline Pumpkin Torte,cake
https://www.tasteofhome.com/recipes/praline-pumpkin-torte/,Praline Pumpkin Torte,eggs
https://www.tasteofhome.com/recipes/praline-pumpkin-torte/,Praline Pumpkin Torte,sugar
https://www.tasteofhome.com/recipes/praline-pumpkin-torte/,Praline Pumpkin Torte,oil
https://www.tasteofhome.com/recipes/praline-pumpkin-torte/,Praline Pumpkin Torte,pumpkin
https://www.tasteofhome.com/recipes/praline-pumpkin-torte/,Praline Pumpkin Torte,extract
https://www.tasteofhome.com/recipes/praline-pumpkin-torte/,Praline Pumpkin Torte,flour
https://www.tasteofhome.com/recipes/praline-pumpkin-torte/,Praline Pumpkin Torte,powder
https://www.tasteofhome.com/recipes/praline-pumpkin-torte/,Praline Pumpkin Torte,spice
https://www.tasteofhome.com/recipes/praline-pumpkin-torte/,Praline Pumpkin Torte,soda
https://www.tasteofhome.com/recipes/praline-pumpkin-torte/,Praline Pumpkin Torte,salt
https://www.tasteofhome.com/recipes/praline-pumpkin-torte/,Praline Pumpkin Torte,topping
https://www.tasteofhome.com/recipes/praline-pumpkin-torte/,Praline Pumpkin Torte,cream
https://www.tasteofhome.com/recipes/praline-pumpkin-torte/,Praline Pumpkin Torte,sugar
https://www.tasteofhome.com/recipes/praline-pumpkin-torte/,Praline Pumpkin Torte,extract
https://www.tasteofhome.com/recipes/praline-pumpkin-torte/,Praline Pumpkin Torte,optional
https://www.tasteofhome.com/recipes/artichoke-lemon-pasta/,Artichoke & Lemon Pasta,divided
https://www.tasteofhome.com/recipes/artichoke-lemon-pasta/,Artichoke & Lemon Pasta,pieces
https://www.tasteofhome.com/recipes/artichoke-lemon-pasta/,Artichoke & Lemon Pasta,pasta
https://www.tasteofhome.com/recipes/artichoke-lemon-pasta/,Artichoke & Lemon Pasta,divided
https://www.tasteofhome.com/recipes/artichoke-lemon-pasta/,Artichoke & Lemon Pasta,drained
https://www.tasteofhome.com/recipes/artichoke-lemon-pasta/,Artichoke & Lemon Pasta,minced
https://www.tasteofhome.com/recipes/artichoke-lemon-pasta/,Artichoke & Lemon Pasta,cheese
https://www.tasteofhome.com/recipes/artichoke-lemon-pasta/,Artichoke & Lemon Pasta,parsley
https://www.tasteofhome.com/recipes/artichoke-lemon-pasta/,Artichoke & Lemon Pasta,zest
https://www.tasteofhome.com/recipes/artichoke-lemon-pasta/,Artichoke & Lemon Pasta,juice
https://www.tasteofhome.com/recipes/artichoke-lemon-pasta/,Artichoke & Lemon Pasta,cheese
https://www.tasteofhome.com/recipes/chicken-stuffed-cubanelle-peppers/,Chicken-Stuffed Cubanelle Peppers,peppers
https://www.tasteofhome.com/recipes/chicken-stuffed-cubanelle-peppers/,Chicken-Stuffed Cubanelle Peppers,beaten
https://www.tasteofhome.com/recipes/chicken-stuffed-cubanelle-peppers/,Chicken-Stuffed Cubanelle Peppers,breast
https://www.tasteofhome.com/recipes/chicken-stuffed-cubanelle-peppers/,Chicken-Stuffed Cubanelle Peppers,salsa
https://www.tasteofhome.com/recipes/chicken-stuffed-cubanelle-peppers/,Chicken-Stuffed Cubanelle Peppers,crumbs
https://www.tasteofhome.com/recipes/chicken-stuffed-cubanelle-peppers/,Chicken-Stuffed Cubanelle Peppers,rice
https://www.tasteofhome.com/recipes/chicken-stuffed-cubanelle-peppers/,Chicken-Stuffed Cubanelle Peppers,sauce
https://www.tasteofhome.com/recipes/guacamole-tossed-salad/,Guacamole Tossed Salad,chopped
https://www.tasteofhome.com/recipes/guacamole-tossed-salad/,Guacamole Tossed Salad,rings
https://www.tasteofhome.com/recipes/guacamole-tossed-salad/,Guacamole Tossed Salad,crumbled
https://www.tasteofhome.com/recipes/guacamole-tossed-salad/,Guacamole Tossed Salad,oil
https://www.tasteofhome.com/recipes/guacamole-tossed-salad/,Guacamole Tossed Salad,vinegar
https://www.tasteofhome.com/recipes/guacamole-tossed-salad/,Guacamole Tossed Salad,salt
https://www.tasteofhome.com/recipes/guacamole-tossed-salad/,Guacamole Tossed Salad,pepper
https://www.tasteofhome.com/recipes/guacamole-tossed-salad/,Guacamole Tossed Salad,sauce
https://www.tasteofhome.com/recipes/guacamole-tossed-salad/,Guacamole Tossed Salad,peeled
https://www.tasteofhome.com/recipes/guacamole-tossed-salad/,Guacamole Tossed Salad,greens
https://www.tasteofhome.com/recipes/makeover-streusel-topped-sweet-potatoes/,Makeover Streusel-Topped Sweet Potatoes,potatoes
https://www.tasteofhome.com/recipes/makeover-streusel-topped-sweet-potatoes/,Makeover Streusel-Topped Sweet Potatoes,melted
https://www.tasteofhome.com/recipes/makeover-streusel-topped-sweet-potatoes/,Makeover Streusel-Topped Sweet Potatoes,beaten
https://www.tasteofhome.com/recipes/makeover-streusel-topped-sweet-potatoes/,Makeover Streusel-Topped Sweet Potatoes,juice
https://www.tasteofhome.com/recipes/makeover-streusel-topped-sweet-potatoes/,Makeover Streusel-Topped Sweet Potatoes,extract
https://www.tasteofhome.com/recipes/makeover-streusel-topped-sweet-potatoes/,Makeover Streusel-Topped Sweet Potatoes,topping
https://www.tasteofhome.com/recipes/makeover-streusel-topped-sweet-potatoes/,Makeover Streusel-Topped Sweet Potatoes,sugar
https://www.tasteofhome.com/recipes/makeover-streusel-topped-sweet-potatoes/,Makeover Streusel-Topped Sweet Potatoes,coconut
https://www.tasteofhome.com/recipes/makeover-streusel-topped-sweet-potatoes/,Makeover Streusel-Topped Sweet Potatoes,pecans
https://www.tasteofhome.com/recipes/makeover-streusel-topped-sweet-potatoes/,Makeover Streusel-Topped Sweet Potatoes,melted
https://www.tasteofhome.com/recipes/mountain-cookies/,Mountain Cookies,softened
https://www.tasteofhome.com/recipes/mountain-cookies/,Mountain Cookies,sugar
https://www.tasteofhome.com/recipes/mountain-cookies/,Mountain Cookies,extract
https://www.tasteofhome.com/recipes/mountain-cookies/,Mountain Cookies,flour
https://www.tasteofhome.com/recipes/mountain-cookies/,Mountain Cookies,salt
https://www.tasteofhome.com/recipes/mountain-cookies/,Mountain Cookies,filling
https://www.tasteofhome.com/recipes/mountain-cookies/,Mountain Cookies,softened
https://www.tasteofhome.com/recipes/mountain-cookies/,Mountain Cookies,sugar
https://www.tasteofhome.com/recipes/mountain-cookies/,Mountain Cookies,flour
https://www.tasteofhome.com/recipes/mountain-cookies/,Mountain Cookies,extract
https://www.tasteofhome.com/recipes/mountain-cookies/,Mountain Cookies,pecans
https://www.tasteofhome.com/recipes/mountain-cookies/,Mountain Cookies,coconut
https://www.tasteofhome.com/recipes/mountain-cookies/,Mountain Cookies,topping
https://www.tasteofhome.com/recipes/mountain-cookies/,Mountain Cookies,chips
https://www.tasteofhome.com/recipes/mountain-cookies/,Mountain Cookies,butter
https://www.tasteofhome.com/recipes/mountain-cookies/,Mountain Cookies,water
https://www.tasteofhome.com/recipes/mountain-cookies/,Mountain Cookies,sugar
https://www.tasteofhome.com/recipes/coconut-curry-chicken-soup/,Coconut Curry Chicken Soup,milk
https://www.tasteofhome.com/recipes/coconut-curry-chicken-soup/,Coconut Curry Chicken Soup,paste
https://www.tasteofhome.com/recipes/coconut-curry-chicken-soup/,Coconut Curry Chicken Soup,noodles
https://www.tasteofhome.com/recipes/coconut-curry-chicken-soup/,Coconut Curry Chicken Soup,broth
https://www.tasteofhome.com/recipes/coconut-curry-chicken-soup/,Coconut Curry Chicken Soup,sugar
https://www.tasteofhome.com/recipes/coconut-curry-chicken-soup/,Coconut Curry Chicken Soup,sauce
https://www.tasteofhome.com/recipes/coconut-curry-chicken-soup/,Coconut Curry Chicken Soup,salt
https://www.tasteofhome.com/recipes/coconut-curry-chicken-soup/,Coconut Curry Chicken Soup,chicken
https://www.tasteofhome.com/recipes/coconut-curry-chicken-soup/,Coconut Curry Chicken Soup,cabbage
https://www.tasteofhome.com/recipes/coconut-curry-chicken-soup/,Coconut Curry Chicken Soup,carrots
https://www.tasteofhome.com/recipes/coconut-curry-chicken-soup/,Coconut Curry Chicken Soup,sprouts
https://www.tasteofhome.com/recipes/coconut-curry-chicken-soup/,Coconut Curry Chicken Soup,leaves
https://www.tasteofhome.com/recipes/tequila-lime-fruit-salad/,Tequila-Lime Fruit Salad,sugar
https://www.tasteofhome.com/recipes/tequila-lime-fruit-salad/,Tequila-Lime Fruit Salad,water
https://www.tasteofhome.com/recipes/tequila-lime-fruit-salad/,Tequila-Lime Fruit Salad,juice
https://www.tasteofhome.com/recipes/tequila-lime-fruit-salad/,Tequila-Lime Fruit Salad,juice
https://www.tasteofhome.com/recipes/tequila-lime-fruit-salad/,Tequila-Lime Fruit Salad,pineapple
https://www.tasteofhome.com/recipes/tequila-lime-fruit-salad/,Tequila-Lime Fruit Salad,strawberries
https://www.tasteofhome.com/recipes/tequila-lime-fruit-salad/,Tequila-Lime Fruit Salad,kiwifruit
https://www.tasteofhome.com/recipes/tequila-lime-fruit-salad/,Tequila-Lime Fruit Salad,halved
https://www.tasteofhome.com/recipes/gingersnap-pumpkin-cake/,Gingersnap Pumpkin Cake,pumpkin
https://www.tasteofhome.com/recipes/gingersnap-pumpkin-cake/,Gingersnap Pumpkin Cake,sugar
https://www.tasteofhome.com/recipes/gingersnap-pumpkin-cake/,Gingersnap Pumpkin Cake,eggs
https://www.tasteofhome.com/recipes/gingersnap-pumpkin-cake/,Gingersnap Pumpkin Cake,oil
https://www.tasteofhome.com/recipes/gingersnap-pumpkin-cake/,Gingersnap Pumpkin Cake,flour
https://www.tasteofhome.com/recipes/gingersnap-pumpkin-cake/,Gingersnap Pumpkin Cake,soda
https://www.tasteofhome.com/recipes/gingersnap-pumpkin-cake/,Gingersnap Pumpkin Cake,spice
https://www.tasteofhome.com/recipes/gingersnap-pumpkin-cake/,Gingersnap Pumpkin Cake,salt
https://www.tasteofhome.com/recipes/gingersnap-pumpkin-cake/,Gingersnap Pumpkin Cake,icing
https://www.tasteofhome.com/recipes/gingersnap-pumpkin-cake/,Gingersnap Pumpkin Cake,softened
https://www.tasteofhome.com/recipes/gingersnap-pumpkin-cake/,Gingersnap Pumpkin Cake,softened
https://www.tasteofhome.com/recipes/gingersnap-pumpkin-cake/,Gingersnap Pumpkin Cake,extract
https://www.tasteofhome.com/recipes/gingersnap-pumpkin-cake/,Gingersnap Pumpkin Cake,sugar
https://www.tasteofhome.com/recipes/gingersnap-pumpkin-cake/,Gingersnap Pumpkin Cake,crushed
https://www.tasteofhome.com/recipes/mushroom-stuffing/,Mushroom Stuffing,diced
https://www.tasteofhome.com/recipes/mushroom-stuffing/,Mushroom Stuffing,chopped
https://www.tasteofhome.com/recipes/mushroom-stuffing/,Mushroom Stuffing,chopped
https://www.tasteofhome.com/recipes/mushroom-stuffing/,Mushroom Stuffing,chopped
https://www.tasteofhome.com/recipes/mushroom-stuffing/,Mushroom Stuffing,sage
https://www.tasteofhome.com/recipes/mushroom-stuffing/,Mushroom Stuffing,salt
https://www.tasteofhome.com/recipes/mushroom-stuffing/,Mushroom Stuffing,pepper
https://www.tasteofhome.com/recipes/mushroom-stuffing/,Mushroom Stuffing,stuffing
https://www.tasteofhome.com/recipes/mushroom-stuffing/,Mushroom Stuffing,leaves
https://www.tasteofhome.com/recipes/mushroom-stuffing/,Mushroom Stuffing,parsley
https://www.tasteofhome.com/recipes/mushroom-stuffing/,Mushroom Stuffing,beaten
https://www.tasteofhome.com/recipes/mushroom-stuffing/,Mushroom Stuffing,broth
https://www.tasteofhome.com/recipes/mushroom-stuffing/,Mushroom Stuffing,butter
https://www.tasteofhome.com/recipes/honey-chipotle-ribs/,Honey Chipotle Ribs,ribs
https://www.tasteofhome.com/recipes/honey-chipotle-ribs/,Honey Chipotle Ribs,sauce
https://www.tasteofhome.com/recipes/honey-chipotle-ribs/,Honey Chipotle Ribs,ketchup
https://www.tasteofhome.com/recipes/honey-chipotle-ribs/,Honey Chipotle Ribs,beer
https://www.tasteofhome.com/recipes/honey-chipotle-ribs/,Honey Chipotle Ribs,sauce
https://www.tasteofhome.com/recipes/honey-chipotle-ribs/,Honey Chipotle Ribs,honey
https://www.tasteofhome.com/recipes/honey-chipotle-ribs/,Honey Chipotle Ribs,chopped
https://www.tasteofhome.com/recipes/honey-chipotle-ribs/,Honey Chipotle Ribs,sauce
https://www.tasteofhome.com/recipes/honey-chipotle-ribs/,Honey Chipotle Ribs,mustard
https://www.tasteofhome.com/recipes/honey-chipotle-ribs/,Honey Chipotle Ribs,sauce
https://www.tasteofhome.com/recipes/honey-chipotle-ribs/,Honey Chipotle Ribs,pepper
https://www.tasteofhome.com/recipes/honey-chipotle-ribs/,Honey Chipotle Ribs,salt
https://www.tasteofhome.com/recipes/honey-chipotle-ribs/,Honey Chipotle Ribs,powder
https://www.tasteofhome.com/recipes/honey-chipotle-ribs/,Honey Chipotle Ribs,pepper
https://www.tasteofhome.com/recipes/rhubarb-mandarin-crisp/,Rhubarb Mandarin Crisp,rhubarb
https://www.tasteofhome.com/recipes/rhubarb-mandarin-crisp/,Rhubarb Mandarin Crisp,sugar
https://www.tasteofhome.com/recipes/rhubarb-mandarin-crisp/,Rhubarb Mandarin Crisp,tapioca
https://www.tasteofhome.com/recipes/rhubarb-mandarin-crisp/,Rhubarb Mandarin Crisp,drained
https://www.tasteofhome.com/recipes/rhubarb-mandarin-crisp/,Rhubarb Mandarin Crisp,sugar
https://www.tasteofhome.com/recipes/rhubarb-mandarin-crisp/,Rhubarb Mandarin Crisp,oats
https://www.tasteofhome.com/recipes/rhubarb-mandarin-crisp/,Rhubarb Mandarin Crisp,flour
https://www.tasteofhome.com/recipes/rhubarb-mandarin-crisp/,Rhubarb Mandarin Crisp,salt
https://www.tasteofhome.com/recipes/rhubarb-mandarin-crisp/,Rhubarb Mandarin Crisp,butter
https://www.tasteofhome.com/recipes/rhubarb-mandarin-crisp/,Rhubarb Mandarin Crisp,optional
https://www.tasteofhome.com/recipes/grilled-chicken-salad-with-blueberry-vinaigrette/,Grilled Chicken Salad with Blueberry Vinaigrette,halves
https://www.tasteofhome.com/recipes/grilled-chicken-salad-with-blueberry-vinaigrette/,Grilled Chicken Salad with Blueberry Vinaigrette,oil
https://www.tasteofhome.com/recipes/grilled-chicken-salad-with-blueberry-vinaigrette/,Grilled Chicken Salad with Blueberry Vinaigrette,minced
https://www.tasteofhome.com/recipes/grilled-chicken-salad-with-blueberry-vinaigrette/,Grilled Chicken Salad with Blueberry Vinaigrette,salt
https://www.tasteofhome.com/recipes/grilled-chicken-salad-with-blueberry-vinaigrette/,Grilled Chicken Salad with Blueberry Vinaigrette,pepper
https://www.tasteofhome.com/recipes/grilled-chicken-salad-with-blueberry-vinaigrette/,Grilled Chicken Salad with Blueberry Vinaigrette,vinaigrette
https://www.tasteofhome.com/recipes/grilled-chicken-salad-with-blueberry-vinaigrette/,Grilled Chicken Salad with Blueberry Vinaigrette,oil
https://www.tasteofhome.com/recipes/grilled-chicken-salad-with-blueberry-vinaigrette/,Grilled Chicken Salad with Blueberry Vinaigrette,preserves
https://www.tasteofhome.com/recipes/grilled-chicken-salad-with-blueberry-vinaigrette/,Grilled Chicken Salad with Blueberry Vinaigrette,vinegar
https://www.tasteofhome.com/recipes/grilled-chicken-salad-with-blueberry-vinaigrette/,Grilled Chicken Salad with Blueberry Vinaigrette,syrup
https://www.tasteofhome.com/recipes/grilled-chicken-salad-with-blueberry-vinaigrette/,Grilled Chicken Salad with Blueberry Vinaigrette,mustard
https://www.tasteofhome.com/recipes/grilled-chicken-salad-with-blueberry-vinaigrette/,Grilled Chicken Salad with Blueberry Vinaigrette,salt
https://www.tasteofhome.com/recipes/grilled-chicken-salad-with-blueberry-vinaigrette/,Grilled Chicken Salad with Blueberry Vinaigrette,pepper
https://www.tasteofhome.com/recipes/grilled-chicken-salad-with-blueberry-vinaigrette/,Grilled Chicken Salad with Blueberry Vinaigrette,salads
https://www.tasteofhome.com/recipes/grilled-chicken-salad-with-blueberry-vinaigrette/,Grilled Chicken Salad with Blueberry Vinaigrette,greens
https://www.tasteofhome.com/recipes/grilled-chicken-salad-with-blueberry-vinaigrette/,Grilled Chicken Salad with Blueberry Vinaigrette,blueberries
https://www.tasteofhome.com/recipes/grilled-chicken-salad-with-blueberry-vinaigrette/,Grilled Chicken Salad with Blueberry Vinaigrette,oranges
https://www.tasteofhome.com/recipes/grilled-chicken-salad-with-blueberry-vinaigrette/,Grilled Chicken Salad with Blueberry Vinaigrette,cheese
https://www.tasteofhome.com/recipes/super-chunky-cookies/,Super Chunky Cookies,shortening
https://www.tasteofhome.com/recipes/super-chunky-cookies/,Super Chunky Cookies,softened
https://www.tasteofhome.com/recipes/super-chunky-cookies/,Super Chunky Cookies,sugar
https://www.tasteofhome.com/recipes/super-chunky-cookies/,Super Chunky Cookies,sugar
https://www.tasteofhome.com/recipes/super-chunky-cookies/,Super Chunky Cookies,eggs
https://www.tasteofhome.com/recipes/super-chunky-cookies/,Super Chunky Cookies,extract
https://www.tasteofhome.com/recipes/super-chunky-cookies/,Super Chunky Cookies,flour
https://www.tasteofhome.com/recipes/super-chunky-cookies/,Super Chunky Cookies,soda
https://www.tasteofhome.com/recipes/super-chunky-cookies/,Super Chunky Cookies,salt
https://www.tasteofhome.com/recipes/super-chunky-cookies/,Super Chunky Cookies,chips
https://www.tasteofhome.com/recipes/super-chunky-cookies/,Super Chunky Cookies,chips
https://www.tasteofhome.com/recipes/super-chunky-cookies/,Super Chunky Cookies,chips
https://www.tasteofhome.com/recipes/super-chunky-cookies/,Super Chunky Cookies,chopped
https://www.tasteofhome.com/recipes/super-chunky-cookies/,Super Chunky Cookies,chips
https://www.tasteofhome.com/recipes/super-chunky-cookies/,Super Chunky Cookies,pecans
https://www.tasteofhome.com/recipes/italian-meatball-buns/,Italian Meatball Buns,rolls
https://www.tasteofhome.com/recipes/italian-meatball-buns/,Italian Meatball Buns,thawed
https://www.tasteofhome.com/recipes/italian-meatball-buns/,Italian Meatball Buns,oil
https://www.tasteofhome.com/recipes/italian-meatball-buns/,Italian Meatball Buns,cheese
https://www.tasteofhome.com/recipes/italian-meatball-buns/,Italian Meatball Buns,basil
https://www.tasteofhome.com/recipes/italian-meatball-buns/,Italian Meatball Buns,warmed
https://www.tasteofhome.com/recipes/spicy-beef-pepper-stir-fry/,Spicy Beef & Pepper Stir-Fry,strips
https://www.tasteofhome.com/recipes/spicy-beef-pepper-stir-fry/,Spicy Beef & Pepper Stir-Fry,gingerroot
https://www.tasteofhome.com/recipes/spicy-beef-pepper-stir-fry/,Spicy Beef & Pepper Stir-Fry,divided
https://www.tasteofhome.com/recipes/spicy-beef-pepper-stir-fry/,Spicy Beef & Pepper Stir-Fry,pepper
https://www.tasteofhome.com/recipes/spicy-beef-pepper-stir-fry/,Spicy Beef & Pepper Stir-Fry,divided
https://www.tasteofhome.com/recipes/spicy-beef-pepper-stir-fry/,Spicy Beef & Pepper Stir-Fry,milk
https://www.tasteofhome.com/recipes/spicy-beef-pepper-stir-fry/,Spicy Beef & Pepper Stir-Fry,sugar
https://www.tasteofhome.com/recipes/spicy-beef-pepper-stir-fry/,Spicy Beef & Pepper Stir-Fry,sauce
https://www.tasteofhome.com/recipes/spicy-beef-pepper-stir-fry/,Spicy Beef & Pepper Stir-Fry,zest
https://www.tasteofhome.com/recipes/spicy-beef-pepper-stir-fry/,Spicy Beef & Pepper Stir-Fry,juice
https://www.tasteofhome.com/recipes/spicy-beef-pepper-stir-fry/,Spicy Beef & Pepper Stir-Fry,divided
https://www.tasteofhome.com/recipes/spicy-beef-pepper-stir-fry/,Spicy Beef & Pepper Stir-Fry,strips
https://www.tasteofhome.com/recipes/spicy-beef-pepper-stir-fry/,Spicy Beef & Pepper Stir-Fry,sliced
https://www.tasteofhome.com/recipes/spicy-beef-pepper-stir-fry/,Spicy Beef & Pepper Stir-Fry,sliced
https://www.tasteofhome.com/recipes/spicy-beef-pepper-stir-fry/,Spicy Beef & Pepper Stir-Fry,spinach
https://www.tasteofhome.com/recipes/spicy-beef-pepper-stir-fry/,Spicy Beef & Pepper Stir-Fry,sliced
https://www.tasteofhome.com/recipes/spicy-beef-pepper-stir-fry/,Spicy Beef & Pepper Stir-Fry,cilantro
https://www.tasteofhome.com/recipes/turkey-dumpling-soup/,Turkey Dumpling Soup,turkey
https://www.tasteofhome.com/recipes/turkey-dumpling-soup/,Turkey Dumpling Soup,broth
https://www.tasteofhome.com/recipes/turkey-dumpling-soup/,Turkey Dumpling Soup,water
https://www.tasteofhome.com/recipes/turkey-dumpling-soup/,Turkey Dumpling Soup,slices
https://www.tasteofhome.com/recipes/turkey-dumpling-soup/,Turkey Dumpling Soup,slices
https://www.tasteofhome.com/recipes/turkey-dumpling-soup/,Turkey Dumpling Soup,seasoning
https://www.tasteofhome.com/recipes/turkey-dumpling-soup/,Turkey Dumpling Soup,leaf
https://www.tasteofhome.com/recipes/turkey-dumpling-soup/,Turkey Dumpling Soup,salt
https://www.tasteofhome.com/recipes/turkey-dumpling-soup/,Turkey Dumpling Soup,pepper
https://www.tasteofhome.com/recipes/turkey-dumpling-soup/,Turkey Dumpling Soup,ingredients
https://www.tasteofhome.com/recipes/turkey-dumpling-soup/,Turkey Dumpling Soup,chopped
https://www.tasteofhome.com/recipes/turkey-dumpling-soup/,Turkey Dumpling Soup,chopped
https://www.tasteofhome.com/recipes/turkey-dumpling-soup/,Turkey Dumpling Soup,sliced
https://www.tasteofhome.com/recipes/turkey-dumpling-soup/,Turkey Dumpling Soup,beans
https://www.tasteofhome.com/recipes/turkey-dumpling-soup/,Turkey Dumpling Soup,corn
https://www.tasteofhome.com/recipes/turkey-dumpling-soup/,Turkey Dumpling Soup,peas
https://www.tasteofhome.com/recipes/turkey-dumpling-soup/,Turkey Dumpling Soup,mix
https://www.tasteofhome.com/recipes/turkey-dumpling-soup/,Turkey Dumpling Soup,milk
https://www.tasteofhome.com/recipes/sausage-egg-and-cheddar-farmer-s-breakfast/,"Sausage, Egg and Cheddar Farmer’s Breakfast",eggs
https://www.tasteofhome.com/recipes/sausage-egg-and-cheddar-farmer-s-breakfast/,"Sausage, Egg and Cheddar Farmer’s Breakfast",milk
https://www.tasteofhome.com/recipes/sausage-egg-and-cheddar-farmer-s-breakfast/,"Sausage, Egg and Cheddar Farmer’s Breakfast",flakes
https://www.tasteofhome.com/recipes/sausage-egg-and-cheddar-farmer-s-breakfast/,"Sausage, Egg and Cheddar Farmer’s Breakfast",salt
https://www.tasteofhome.com/recipes/sausage-egg-and-cheddar-farmer-s-breakfast/,"Sausage, Egg and Cheddar Farmer’s Breakfast",sausage
https://www.tasteofhome.com/recipes/sausage-egg-and-cheddar-farmer-s-breakfast/,"Sausage, Egg and Cheddar Farmer’s Breakfast",butter
https://www.tasteofhome.com/recipes/sausage-egg-and-cheddar-farmer-s-breakfast/,"Sausage, Egg and Cheddar Farmer’s Breakfast",thawed
https://www.tasteofhome.com/recipes/sausage-egg-and-cheddar-farmer-s-breakfast/,"Sausage, Egg and Cheddar Farmer’s Breakfast",onion
https://www.tasteofhome.com/recipes/sausage-egg-and-cheddar-farmer-s-breakfast/,"Sausage, Egg and Cheddar Farmer’s Breakfast",cheese
https://www.tasteofhome.com/recipes/four-cheese-turkey-pasta-bake/,Four-Cheese Turkey Pasta Bake,penne
https://www.tasteofhome.com/recipes/four-cheese-turkey-pasta-bake/,Four-Cheese Turkey Pasta Bake,chopped
https://www.tasteofhome.com/recipes/four-cheese-turkey-pasta-bake/,Four-Cheese Turkey Pasta Bake,butter
https://www.tasteofhome.com/recipes/four-cheese-turkey-pasta-bake/,Four-Cheese Turkey Pasta Bake,minced
https://www.tasteofhome.com/recipes/four-cheese-turkey-pasta-bake/,Four-Cheese Turkey Pasta Bake,undiluted
https://www.tasteofhome.com/recipes/four-cheese-turkey-pasta-bake/,Four-Cheese Turkey Pasta Bake,softened
https://www.tasteofhome.com/recipes/four-cheese-turkey-pasta-bake/,Four-Cheese Turkey Pasta Bake,cream
https://www.tasteofhome.com/recipes/four-cheese-turkey-pasta-bake/,Four-Cheese Turkey Pasta Bake,milk
https://www.tasteofhome.com/recipes/four-cheese-turkey-pasta-bake/,Four-Cheese Turkey Pasta Bake,drained
https://www.tasteofhome.com/recipes/four-cheese-turkey-pasta-bake/,Four-Cheese Turkey Pasta Bake,cheese
https://www.tasteofhome.com/recipes/four-cheese-turkey-pasta-bake/,Four-Cheese Turkey Pasta Bake,cheese
https://www.tasteofhome.com/recipes/four-cheese-turkey-pasta-bake/,Four-Cheese Turkey Pasta Bake,cheese
https://www.tasteofhome.com/recipes/four-cheese-turkey-pasta-bake/,Four-Cheese Turkey Pasta Bake,nutmeg
https://www.tasteofhome.com/recipes/four-cheese-turkey-pasta-bake/,Four-Cheese Turkey Pasta Bake,pepper
https://www.tasteofhome.com/recipes/four-cheese-turkey-pasta-bake/,Four-Cheese Turkey Pasta Bake,breast
https://www.tasteofhome.com/recipes/four-cheese-turkey-pasta-bake/,Four-Cheese Turkey Pasta Bake,topping
https://www.tasteofhome.com/recipes/four-cheese-turkey-pasta-bake/,Four-Cheese Turkey Pasta Bake,crumbs
https://www.tasteofhome.com/recipes/four-cheese-turkey-pasta-bake/,Four-Cheese Turkey Pasta Bake,melted
https://www.tasteofhome.com/recipes/peach-smoothie/,Peach Smoothie,nectar
https://www.tasteofhome.com/recipes/peach-smoothie/,Peach Smoothie,peaches
https://www.tasteofhome.com/recipes/peach-smoothie/,Peach Smoothie,yogurt
https://www.tasteofhome.com/recipes/peach-smoothie/,Peach Smoothie,cubes
https://www.tasteofhome.com/recipes/bacon-swiss-chicken-sandwiches/,Bacon & Swiss Chicken Sandwiches,mayonnaise
https://www.tasteofhome.com/recipes/bacon-swiss-chicken-sandwiches/,Bacon & Swiss Chicken Sandwiches,mustard
https://www.tasteofhome.com/recipes/bacon-swiss-chicken-sandwiches/,Bacon & Swiss Chicken Sandwiches,honey
https://www.tasteofhome.com/recipes/bacon-swiss-chicken-sandwiches/,Bacon & Swiss Chicken Sandwiches,halves
https://www.tasteofhome.com/recipes/bacon-swiss-chicken-sandwiches/,Bacon & Swiss Chicken Sandwiches,seasoning
https://www.tasteofhome.com/recipes/bacon-swiss-chicken-sandwiches/,Bacon & Swiss Chicken Sandwiches,cheese
https://www.tasteofhome.com/recipes/bacon-swiss-chicken-sandwiches/,Bacon & Swiss Chicken Sandwiches,split
https://www.tasteofhome.com/recipes/bacon-swiss-chicken-sandwiches/,Bacon & Swiss Chicken Sandwiches,crumbled
https://www.tasteofhome.com/recipes/bacon-swiss-chicken-sandwiches/,Bacon & Swiss Chicken Sandwiches,optional
https://www.tasteofhome.com/recipes/savory-party-bread/,Savory Party Bread,pound
https://www.tasteofhome.com/recipes/savory-party-bread/,Savory Party Bread,cheese
https://www.tasteofhome.com/recipes/savory-party-bread/,Savory Party Bread,melted
https://www.tasteofhome.com/recipes/savory-party-bread/,Savory Party Bread,onions
https://www.tasteofhome.com/recipes/savory-party-bread/,Savory Party Bread,seeds
https://www.tasteofhome.com/recipes/cherry-cheese-blintzes/,Cherry Cheese Blintzes,milk
https://www.tasteofhome.com/recipes/cherry-cheese-blintzes/,Cherry Cheese Blintzes,eggs
https://www.tasteofhome.com/recipes/cherry-cheese-blintzes/,Cherry Cheese Blintzes,melted
https://www.tasteofhome.com/recipes/cherry-cheese-blintzes/,Cherry Cheese Blintzes,flour
https://www.tasteofhome.com/recipes/cherry-cheese-blintzes/,Cherry Cheese Blintzes,salt
https://www.tasteofhome.com/recipes/cherry-cheese-blintzes/,Cherry Cheese Blintzes,filling
https://www.tasteofhome.com/recipes/cherry-cheese-blintzes/,Cherry Cheese Blintzes,cheese
https://www.tasteofhome.com/recipes/cherry-cheese-blintzes/,Cherry Cheese Blintzes,softened
https://www.tasteofhome.com/recipes/cherry-cheese-blintzes/,Cherry Cheese Blintzes,sugar
https://www.tasteofhome.com/recipes/cherry-cheese-blintzes/,Cherry Cheese Blintzes,extract
https://www.tasteofhome.com/recipes/cherry-cheese-blintzes/,Cherry Cheese Blintzes,sauce
https://www.tasteofhome.com/recipes/cherry-cheese-blintzes/,Cherry Cheese Blintzes,cherries
https://www.tasteofhome.com/recipes/cherry-cheese-blintzes/,Cherry Cheese Blintzes,divided
https://www.tasteofhome.com/recipes/cherry-cheese-blintzes/,Cherry Cheese Blintzes,sugar
https://www.tasteofhome.com/recipes/cherry-cheese-blintzes/,Cherry Cheese Blintzes,cornstarch
https://www.tasteofhome.com/recipes/white-turkey-chili/,White Turkey Chili,drained
https://www.tasteofhome.com/recipes/white-turkey-chili/,White Turkey Chili,undiluted
https://www.tasteofhome.com/recipes/white-turkey-chili/,White Turkey Chili,breast
https://www.tasteofhome.com/recipes/white-turkey-chili/,White Turkey Chili,milk
https://www.tasteofhome.com/recipes/white-turkey-chili/,White Turkey Chili,drained
https://www.tasteofhome.com/recipes/white-turkey-chili/,White Turkey Chili,cilantro
https://www.tasteofhome.com/recipes/white-turkey-chili/,White Turkey Chili,onion
https://www.tasteofhome.com/recipes/white-turkey-chili/,White Turkey Chili,powder
https://www.tasteofhome.com/recipes/white-turkey-chili/,White Turkey Chili,cumin
https://www.tasteofhome.com/recipes/white-turkey-chili/,White Turkey Chili,oregano
https://www.tasteofhome.com/recipes/white-turkey-chili/,White Turkey Chili,cream
https://www.tasteofhome.com/recipes/mediterranean-chickpeas/,Mediterranean Chickpeas,water
https://www.tasteofhome.com/recipes/mediterranean-chickpeas/,Mediterranean Chickpeas,couscous
https://www.tasteofhome.com/recipes/mediterranean-chickpeas/,Mediterranean Chickpeas,oil
https://www.tasteofhome.com/recipes/mediterranean-chickpeas/,Mediterranean Chickpeas,chopped
https://www.tasteofhome.com/recipes/mediterranean-chickpeas/,Mediterranean Chickpeas,minced
https://www.tasteofhome.com/recipes/mediterranean-chickpeas/,Mediterranean Chickpeas,drained
https://www.tasteofhome.com/recipes/mediterranean-chickpeas/,Mediterranean Chickpeas,cut
https://www.tasteofhome.com/recipes/mediterranean-chickpeas/,Mediterranean Chickpeas,chopped
https://www.tasteofhome.com/recipes/mediterranean-chickpeas/,Mediterranean Chickpeas,chopped
https://www.tasteofhome.com/recipes/mediterranean-chickpeas/,Mediterranean Chickpeas,juice
https://www.tasteofhome.com/recipes/mediterranean-chickpeas/,Mediterranean Chickpeas,oregano
https://www.tasteofhome.com/recipes/mediterranean-chickpeas/,Mediterranean Chickpeas,pepper
https://www.tasteofhome.com/recipes/mediterranean-chickpeas/,Mediterranean Chickpeas,pepper
https://www.tasteofhome.com/recipes/heirloom-tomato-zucchini-salad/,Heirloom Tomato & Zucchini Salad,wedges
https://www.tasteofhome.com/recipes/heirloom-tomato-zucchini-salad/,Heirloom Tomato & Zucchini Salad,sliced
https://www.tasteofhome.com/recipes/heirloom-tomato-zucchini-salad/,Heirloom Tomato & Zucchini Salad,sliced
https://www.tasteofhome.com/recipes/heirloom-tomato-zucchini-salad/,Heirloom Tomato & Zucchini Salad,vinegar
https://www.tasteofhome.com/recipes/heirloom-tomato-zucchini-salad/,Heirloom Tomato & Zucchini Salad,oil
https://www.tasteofhome.com/recipes/heirloom-tomato-zucchini-salad/,Heirloom Tomato & Zucchini Salad,sugar
https://www.tasteofhome.com/recipes/heirloom-tomato-zucchini-salad/,Heirloom Tomato & Zucchini Salad,salt
https://www.tasteofhome.com/recipes/heirloom-tomato-zucchini-salad/,Heirloom Tomato & Zucchini Salad,tarragon
https://www.tasteofhome.com/recipes/standing-rib-roast/,Standing Rib Roast,seasoning
https://www.tasteofhome.com/recipes/standing-rib-roast/,Standing Rib Roast,paprika
https://www.tasteofhome.com/recipes/standing-rib-roast/,Standing Rib Roast,salt
https://www.tasteofhome.com/recipes/standing-rib-roast/,Standing Rib Roast,crushed
https://www.tasteofhome.com/recipes/standing-rib-roast/,Standing Rib Roast,pepper
https://www.tasteofhome.com/recipes/standing-rib-roast/,Standing Rib Roast,pounds
https://www.tasteofhome.com/recipes/standing-rib-roast/,Standing Rib Roast,stock
https://www.tasteofhome.com/recipes/blueberry-crunch-breakfast-bake/,Blueberry Crunch Breakfast Bake,slices
https://www.tasteofhome.com/recipes/blueberry-crunch-breakfast-bake/,Blueberry Crunch Breakfast Bake,eggs
https://www.tasteofhome.com/recipes/blueberry-crunch-breakfast-bake/,Blueberry Crunch Breakfast Bake,cream
https://www.tasteofhome.com/recipes/blueberry-crunch-breakfast-bake/,Blueberry Crunch Breakfast Bake,extract
https://www.tasteofhome.com/recipes/blueberry-crunch-breakfast-bake/,Blueberry Crunch Breakfast Bake,oats
https://www.tasteofhome.com/recipes/blueberry-crunch-breakfast-bake/,Blueberry Crunch Breakfast Bake,sugar
https://www.tasteofhome.com/recipes/blueberry-crunch-breakfast-bake/,Blueberry Crunch Breakfast Bake,flour
https://www.tasteofhome.com/recipes/blueberry-crunch-breakfast-bake/,Blueberry Crunch Breakfast Bake,butter
https://www.tasteofhome.com/recipes/blueberry-crunch-breakfast-bake/,Blueberry Crunch Breakfast Bake,blueberries
https://www.tasteofhome.com/recipes/blueberry-crunch-breakfast-bake/,Blueberry Crunch Breakfast Bake,walnuts
https://www.tasteofhome.com/recipes/turkey-salisbury-steaks/,Turkey Salisbury Steaks,divided
https://www.tasteofhome.com/recipes/turkey-salisbury-steaks/,Turkey Salisbury Steaks,onion
https://www.tasteofhome.com/recipes/turkey-salisbury-steaks/,Turkey Salisbury Steaks,sauce
https://www.tasteofhome.com/recipes/turkey-salisbury-steaks/,Turkey Salisbury Steaks,sauce
https://www.tasteofhome.com/recipes/turkey-salisbury-steaks/,Turkey Salisbury Steaks,minced
https://www.tasteofhome.com/recipes/turkey-salisbury-steaks/,Turkey Salisbury Steaks,basil
https://www.tasteofhome.com/recipes/turkey-salisbury-steaks/,Turkey Salisbury Steaks,oregano
https://www.tasteofhome.com/recipes/turkey-salisbury-steaks/,Turkey Salisbury Steaks,powder
https://www.tasteofhome.com/recipes/turkey-salisbury-steaks/,Turkey Salisbury Steaks,pepper
https://www.tasteofhome.com/recipes/turkey-salisbury-steaks/,Turkey Salisbury Steaks,turkey
https://www.tasteofhome.com/recipes/turkey-salisbury-steaks/,Turkey Salisbury Steaks,oil
https://www.tasteofhome.com/recipes/turkey-salisbury-steaks/,Turkey Salisbury Steaks,sauce
https://www.tasteofhome.com/recipes/turkey-salisbury-steaks/,Turkey Salisbury Steaks,oil
https://www.tasteofhome.com/recipes/turkey-salisbury-steaks/,Turkey Salisbury Steaks,flour
https://www.tasteofhome.com/recipes/turkey-salisbury-steaks/,Turkey Salisbury Steaks,broth
https://www.tasteofhome.com/recipes/turkey-salisbury-steaks/,Turkey Salisbury Steaks,sauce
https://www.tasteofhome.com/recipes/turkey-salisbury-steaks/,Turkey Salisbury Steaks,sauce
https://www.tasteofhome.com/recipes/turkey-salisbury-steaks/,Turkey Salisbury Steaks,drained
https://www.tasteofhome.com/recipes/chicken-cheese-tortilla-pie/,Chicken & Cheese Tortilla Pie,sauce
https://www.tasteofhome.com/recipes/chicken-cheese-tortilla-pie/,Chicken & Cheese Tortilla Pie,inches
https://www.tasteofhome.com/recipes/chicken-cheese-tortilla-pie/,Chicken & Cheese Tortilla Pie,chicken
https://www.tasteofhome.com/recipes/chicken-cheese-tortilla-pie/,Chicken & Cheese Tortilla Pie,cheese
https://www.tasteofhome.com/recipes/chicken-cheese-tortilla-pie/,Chicken & Cheese Tortilla Pie,olives
https://www.tasteofhome.com/recipes/chicken-cheese-tortilla-pie/,Chicken & Cheese Tortilla Pie,optional
https://www.tasteofhome.com/recipes/maple-butter-twists/,Maple Butter Twists,flour
https://www.tasteofhome.com/recipes/maple-butter-twists/,Maple Butter Twists,sugar
https://www.tasteofhome.com/recipes/maple-butter-twists/,Maple Butter Twists,salt
https://www.tasteofhome.com/recipes/maple-butter-twists/,Maple Butter Twists,yeast
https://www.tasteofhome.com/recipes/maple-butter-twists/,Maple Butter Twists,milk
https://www.tasteofhome.com/recipes/maple-butter-twists/,Maple Butter Twists,butter
https://www.tasteofhome.com/recipes/maple-butter-twists/,Maple Butter Twists,eggs
https://www.tasteofhome.com/recipes/maple-butter-twists/,Maple Butter Twists,filling
https://www.tasteofhome.com/recipes/maple-butter-twists/,Maple Butter Twists,sugar
https://www.tasteofhome.com/recipes/maple-butter-twists/,Maple Butter Twists,sugar
https://www.tasteofhome.com/recipes/maple-butter-twists/,Maple Butter Twists,softened
https://www.tasteofhome.com/recipes/maple-butter-twists/,Maple Butter Twists,syrup
https://www.tasteofhome.com/recipes/maple-butter-twists/,Maple Butter Twists,flour
https://www.tasteofhome.com/recipes/maple-butter-twists/,Maple Butter Twists,cinnamon
https://www.tasteofhome.com/recipes/maple-butter-twists/,Maple Butter Twists,flavoring
https://www.tasteofhome.com/recipes/maple-butter-twists/,Maple Butter Twists,walnuts
https://www.tasteofhome.com/recipes/maple-butter-twists/,Maple Butter Twists,glaze
https://www.tasteofhome.com/recipes/maple-butter-twists/,Maple Butter Twists,sugar
https://www.tasteofhome.com/recipes/maple-butter-twists/,Maple Butter Twists,flavoring
https://www.tasteofhome.com/recipes/maple-butter-twists/,Maple Butter Twists,milk
https://www.tasteofhome.com/recipes/italian-steak-sandwiches/,Italian Steak Sandwiches,oil
https://www.tasteofhome.com/recipes/italian-steak-sandwiches/,Italian Steak Sandwiches,minced
https://www.tasteofhome.com/recipes/italian-steak-sandwiches/,Italian Steak Sandwiches,flakes
https://www.tasteofhome.com/recipes/italian-steak-sandwiches/,Italian Steak Sandwiches,beef
https://www.tasteofhome.com/recipes/italian-steak-sandwiches/,Italian Steak Sandwiches,broth
https://www.tasteofhome.com/recipes/italian-steak-sandwiches/,Italian Steak Sandwiches,broth
https://www.tasteofhome.com/recipes/italian-steak-sandwiches/,Italian Steak Sandwiches,flakes
https://www.tasteofhome.com/recipes/italian-steak-sandwiches/,Italian Steak Sandwiches,basil
https://www.tasteofhome.com/recipes/italian-steak-sandwiches/,Italian Steak Sandwiches,salt
https://www.tasteofhome.com/recipes/italian-steak-sandwiches/,Italian Steak Sandwiches,oregano
https://www.tasteofhome.com/recipes/italian-steak-sandwiches/,Italian Steak Sandwiches,pepper
https://www.tasteofhome.com/recipes/italian-steak-sandwiches/,Italian Steak Sandwiches,split
https://www.tasteofhome.com/recipes/italian-steak-sandwiches/,Italian Steak Sandwiches,cheese
https://www.tasteofhome.com/recipes/lunch-box-pizzas/,Lunch Box Pizzas,biscuits
https://www.tasteofhome.com/recipes/lunch-box-pizzas/,Lunch Box Pizzas,sauce
https://www.tasteofhome.com/recipes/lunch-box-pizzas/,Lunch Box Pizzas,seasoning
https://www.tasteofhome.com/recipes/lunch-box-pizzas/,Lunch Box Pizzas,pepperoni
https://www.tasteofhome.com/recipes/lunch-box-pizzas/,Lunch Box Pizzas,cheese
https://www.tasteofhome.com/recipes/banana-brunch-punch/,Banana Brunch Punch,bananas
https://www.tasteofhome.com/recipes/banana-brunch-punch/,Banana Brunch Punch,thawed
https://www.tasteofhome.com/recipes/banana-brunch-punch/,Banana Brunch Punch,concentrate
https://www.tasteofhome.com/recipes/banana-brunch-punch/,Banana Brunch Punch,divided
https://www.tasteofhome.com/recipes/banana-brunch-punch/,Banana Brunch Punch,divided
https://www.tasteofhome.com/recipes/banana-brunch-punch/,Banana Brunch Punch,chilled
https://www.tasteofhome.com/recipes/banana-brunch-punch/,Banana Brunch Punch,chilled
https://www.tasteofhome.com/recipes/banana-brunch-punch/,Banana Brunch Punch,optional
https://www.tasteofhome.com/recipes/grilled-pork-tenderloins/,Grilled Pork Tenderloins,honey
https://www.tasteofhome.com/recipes/grilled-pork-tenderloins/,Grilled Pork Tenderloins,sauce
https://www.tasteofhome.com/recipes/grilled-pork-tenderloins/,Grilled Pork Tenderloins,sauce
https://www.tasteofhome.com/recipes/grilled-pork-tenderloins/,Grilled Pork Tenderloins,sugar
https://www.tasteofhome.com/recipes/grilled-pork-tenderloins/,Grilled Pork Tenderloins,gingerroot
https://www.tasteofhome.com/recipes/grilled-pork-tenderloins/,Grilled Pork Tenderloins,minced
https://www.tasteofhome.com/recipes/grilled-pork-tenderloins/,Grilled Pork Tenderloins,ketchup
https://www.tasteofhome.com/recipes/grilled-pork-tenderloins/,Grilled Pork Tenderloins,powder
https://www.tasteofhome.com/recipes/grilled-pork-tenderloins/,Grilled Pork Tenderloins,cinnamon
https://www.tasteofhome.com/recipes/grilled-pork-tenderloins/,Grilled Pork Tenderloins,pepper
https://www.tasteofhome.com/recipes/grilled-pork-tenderloins/,Grilled Pork Tenderloins,pound
https://www.tasteofhome.com/recipes/grilled-pork-tenderloins/,Grilled Pork Tenderloins,rice
https://www.tasteofhome.com/recipes/easy-meatball-stroganoff/,Easy Meatball Stroganoff,noodles
https://www.tasteofhome.com/recipes/easy-meatball-stroganoff/,Easy Meatball Stroganoff,oil
https://www.tasteofhome.com/recipes/easy-meatball-stroganoff/,Easy Meatball Stroganoff,thawed
https://www.tasteofhome.com/recipes/easy-meatball-stroganoff/,Easy Meatball Stroganoff,broth
https://www.tasteofhome.com/recipes/easy-meatball-stroganoff/,Easy Meatball Stroganoff,flakes
https://www.tasteofhome.com/recipes/easy-meatball-stroganoff/,Easy Meatball Stroganoff,basil
https://www.tasteofhome.com/recipes/easy-meatball-stroganoff/,Easy Meatball Stroganoff,salt
https://www.tasteofhome.com/recipes/easy-meatball-stroganoff/,Easy Meatball Stroganoff,oregano
https://www.tasteofhome.com/recipes/easy-meatball-stroganoff/,Easy Meatball Stroganoff,pepper
https://www.tasteofhome.com/recipes/easy-meatball-stroganoff/,Easy Meatball Stroganoff,cream
https://www.tasteofhome.com/recipes/easy-meatball-stroganoff/,Easy Meatball Stroganoff,cream
https://www.tasteofhome.com/recipes/italian-sausage-and-kale-soup/,Italian Sausage and Kale Soup,sausage
https://www.tasteofhome.com/recipes/italian-sausage-and-kale-soup/,Italian Sausage and Kale Soup,kale
https://www.tasteofhome.com/recipes/italian-sausage-and-kale-soup/,Italian Sausage and Kale Soup,drained
https://www.tasteofhome.com/recipes/italian-sausage-and-kale-soup/,Italian Sausage and Kale Soup,tomatoes
https://www.tasteofhome.com/recipes/italian-sausage-and-kale-soup/,Italian Sausage and Kale Soup,cups
https://www.tasteofhome.com/recipes/italian-sausage-and-kale-soup/,Italian Sausage and Kale Soup,chopped
https://www.tasteofhome.com/recipes/italian-sausage-and-kale-soup/,Italian Sausage and Kale Soup,minced
https://www.tasteofhome.com/recipes/italian-sausage-and-kale-soup/,Italian Sausage and Kale Soup,oregano
https://www.tasteofhome.com/recipes/italian-sausage-and-kale-soup/,Italian Sausage and Kale Soup,salt
https://www.tasteofhome.com/recipes/italian-sausage-and-kale-soup/,Italian Sausage and Kale Soup,pepper
https://www.tasteofhome.com/recipes/italian-sausage-and-kale-soup/,Italian Sausage and Kale Soup,stock
https://www.tasteofhome.com/recipes/italian-sausage-and-kale-soup/,Italian Sausage and Kale Soup,cheese
https://www.tasteofhome.com/recipes/grilled-apple-tossed-salad/,Grilled Apple Tossed Salad,oil
https://www.tasteofhome.com/recipes/grilled-apple-tossed-salad/,Grilled Apple Tossed Salad,cilantro
https://www.tasteofhome.com/recipes/grilled-apple-tossed-salad/,Grilled Apple Tossed Salad,juice
https://www.tasteofhome.com/recipes/grilled-apple-tossed-salad/,Grilled Apple Tossed Salad,vinegar
https://www.tasteofhome.com/recipes/grilled-apple-tossed-salad/,Grilled Apple Tossed Salad,honey
https://www.tasteofhome.com/recipes/grilled-apple-tossed-salad/,Grilled Apple Tossed Salad,minced
https://www.tasteofhome.com/recipes/grilled-apple-tossed-salad/,Grilled Apple Tossed Salad,salt
https://www.tasteofhome.com/recipes/grilled-apple-tossed-salad/,Grilled Apple Tossed Salad,sauce
https://www.tasteofhome.com/recipes/grilled-apple-tossed-salad/,Grilled Apple Tossed Salad,wedges
https://www.tasteofhome.com/recipes/grilled-apple-tossed-salad/,Grilled Apple Tossed Salad,greens
https://www.tasteofhome.com/recipes/grilled-apple-tossed-salad/,Grilled Apple Tossed Salad,toasted
https://www.tasteofhome.com/recipes/grilled-apple-tossed-salad/,Grilled Apple Tossed Salad,cheese
https://www.tasteofhome.com/recipes/ice-cream-cookie-dessert/,Ice Cream Cookie Dessert,divided
https://www.tasteofhome.com/recipes/ice-cream-cookie-dessert/,Ice Cream Cookie Dessert,melted
https://www.tasteofhome.com/recipes/ice-cream-cookie-dessert/,Ice Cream Cookie Dessert,softened
https://www.tasteofhome.com/recipes/ice-cream-cookie-dessert/,Ice Cream Cookie Dessert,warmed
https://www.tasteofhome.com/recipes/ice-cream-cookie-dessert/,Ice Cream Cookie Dessert,thawed
https://www.tasteofhome.com/recipes/blt-pizza/,BLT Pizza,crust
https://www.tasteofhome.com/recipes/blt-pizza/,BLT Pizza,whip
https://www.tasteofhome.com/recipes/blt-pizza/,BLT Pizza,basil
https://www.tasteofhome.com/recipes/blt-pizza/,BLT Pizza,powder
https://www.tasteofhome.com/recipes/blt-pizza/,BLT Pizza,powder
https://www.tasteofhome.com/recipes/blt-pizza/,BLT Pizza,crumbled
https://www.tasteofhome.com/recipes/blt-pizza/,BLT Pizza,cheese
https://www.tasteofhome.com/recipes/blt-pizza/,BLT Pizza,cheese
https://www.tasteofhome.com/recipes/blt-pizza/,BLT Pizza,lettuce
https://www.tasteofhome.com/recipes/blt-pizza/,BLT Pizza,sliced
https://www.tasteofhome.com/recipes/beef-and-blue-cheese-penne-with-pesto/,Beef and Blue Cheese Penne with Pesto,pasta
https://www.tasteofhome.com/recipes/beef-and-blue-cheese-penne-with-pesto/,Beef and Blue Cheese Penne with Pesto,steaks
https://www.tasteofhome.com/recipes/beef-and-blue-cheese-penne-with-pesto/,Beef and Blue Cheese Penne with Pesto,salt
https://www.tasteofhome.com/recipes/beef-and-blue-cheese-penne-with-pesto/,Beef and Blue Cheese Penne with Pesto,pepper
https://www.tasteofhome.com/recipes/beef-and-blue-cheese-penne-with-pesto/,Beef and Blue Cheese Penne with Pesto,chopped
https://www.tasteofhome.com/recipes/beef-and-blue-cheese-penne-with-pesto/,Beef and Blue Cheese Penne with Pesto,halved
https://www.tasteofhome.com/recipes/beef-and-blue-cheese-penne-with-pesto/,Beef and Blue Cheese Penne with Pesto,pesto
https://www.tasteofhome.com/recipes/beef-and-blue-cheese-penne-with-pesto/,Beef and Blue Cheese Penne with Pesto,walnuts
https://www.tasteofhome.com/recipes/beef-and-blue-cheese-penne-with-pesto/,Beef and Blue Cheese Penne with Pesto,cheese
https://www.tasteofhome.com/recipes/fire-and-ice-pickles/,Fire-and-Ice Pickles,spears
https://www.tasteofhome.com/recipes/fire-and-ice-pickles/,Fire-and-Ice Pickles,sugar
https://www.tasteofhome.com/recipes/fire-and-ice-pickles/,Fire-and-Ice Pickles,sauce
https://www.tasteofhome.com/recipes/fire-and-ice-pickles/,Fire-and-Ice Pickles,flakes
https://www.tasteofhome.com/recipes/fire-and-ice-pickles/,Fire-and-Ice Pickles,peeled
https://www.tasteofhome.com/recipes/chicken-sausage-gnocchi-skillet/,Chicken Sausage & Gnocchi Skillet,gnocchi
https://www.tasteofhome.com/recipes/chicken-sausage-gnocchi-skillet/,Chicken Sausage & Gnocchi Skillet,butter
https://www.tasteofhome.com/recipes/chicken-sausage-gnocchi-skillet/,Chicken Sausage & Gnocchi Skillet,oil
https://www.tasteofhome.com/recipes/chicken-sausage-gnocchi-skillet/,Chicken Sausage & Gnocchi Skillet,sliced
https://www.tasteofhome.com/recipes/chicken-sausage-gnocchi-skillet/,Chicken Sausage & Gnocchi Skillet,mushrooms
https://www.tasteofhome.com/recipes/chicken-sausage-gnocchi-skillet/,Chicken Sausage & Gnocchi Skillet,chopped
https://www.tasteofhome.com/recipes/chicken-sausage-gnocchi-skillet/,Chicken Sausage & Gnocchi Skillet,pieces
https://www.tasteofhome.com/recipes/chicken-sausage-gnocchi-skillet/,Chicken Sausage & Gnocchi Skillet,minced
https://www.tasteofhome.com/recipes/chicken-sausage-gnocchi-skillet/,Chicken Sausage & Gnocchi Skillet,broth
https://www.tasteofhome.com/recipes/chicken-sausage-gnocchi-skillet/,Chicken Sausage & Gnocchi Skillet,cheese
https://www.tasteofhome.com/recipes/chicken-sausage-gnocchi-skillet/,Chicken Sausage & Gnocchi Skillet,basil
https://www.tasteofhome.com/recipes/chicken-sausage-gnocchi-skillet/,Chicken Sausage & Gnocchi Skillet,juice
https://www.tasteofhome.com/recipes/chicken-sausage-gnocchi-skillet/,Chicken Sausage & Gnocchi Skillet,salt
https://www.tasteofhome.com/recipes/chicken-sausage-gnocchi-skillet/,Chicken Sausage & Gnocchi Skillet,pepper
https://www.tasteofhome.com/recipes/chicken-sausage-gnocchi-skillet/,Chicken Sausage & Gnocchi Skillet,cheese
https://www.tasteofhome.com/recipes/caramel-pear-pudding/,Caramel Pear Pudding,flour
https://www.tasteofhome.com/recipes/caramel-pear-pudding/,Caramel Pear Pudding,sugar
https://www.tasteofhome.com/recipes/caramel-pear-pudding/,Caramel Pear Pudding,powder
https://www.tasteofhome.com/recipes/caramel-pear-pudding/,Caramel Pear Pudding,cinnamon
https://www.tasteofhome.com/recipes/caramel-pear-pudding/,Caramel Pear Pudding,salt
https://www.tasteofhome.com/recipes/caramel-pear-pudding/,Caramel Pear Pudding,cloves
https://www.tasteofhome.com/recipes/caramel-pear-pudding/,Caramel Pear Pudding,milk
https://www.tasteofhome.com/recipes/caramel-pear-pudding/,Caramel Pear Pudding,cubes
https://www.tasteofhome.com/recipes/caramel-pear-pudding/,Caramel Pear Pudding,pecans
https://www.tasteofhome.com/recipes/caramel-pear-pudding/,Caramel Pear Pudding,sugar
https://www.tasteofhome.com/recipes/caramel-pear-pudding/,Caramel Pear Pudding,butter
https://www.tasteofhome.com/recipes/caramel-pear-pudding/,Caramel Pear Pudding,water
https://www.tasteofhome.com/recipes/caramel-pear-pudding/,Caramel Pear Pudding,cream
https://www.tasteofhome.com/recipes/spicy-roasted-sausage-potatoes-and-peppers/,"Spicy Roasted Sausage, Potatoes and Peppers",cubes
https://www.tasteofhome.com/recipes/spicy-roasted-sausage-potatoes-and-peppers/,"Spicy Roasted Sausage, Potatoes and Peppers",pieces
https://www.tasteofhome.com/recipes/spicy-roasted-sausage-potatoes-and-peppers/,"Spicy Roasted Sausage, Potatoes and Peppers",wedges
https://www.tasteofhome.com/recipes/spicy-roasted-sausage-potatoes-and-peppers/,"Spicy Roasted Sausage, Potatoes and Peppers",pieces
https://www.tasteofhome.com/recipes/spicy-roasted-sausage-potatoes-and-peppers/,"Spicy Roasted Sausage, Potatoes and Peppers",pieces
https://www.tasteofhome.com/recipes/spicy-roasted-sausage-potatoes-and-peppers/,"Spicy Roasted Sausage, Potatoes and Peppers",rings
https://www.tasteofhome.com/recipes/spicy-roasted-sausage-potatoes-and-peppers/,"Spicy Roasted Sausage, Potatoes and Peppers",oil
https://www.tasteofhome.com/recipes/spicy-roasted-sausage-potatoes-and-peppers/,"Spicy Roasted Sausage, Potatoes and Peppers",seasoning
https://www.tasteofhome.com/recipes/spicy-roasted-sausage-potatoes-and-peppers/,"Spicy Roasted Sausage, Potatoes and Peppers",pepper
https://www.tasteofhome.com/recipes/spicy-pork-tenderloin/,Spicy Pork Tenderloin,powder
https://www.tasteofhome.com/recipes/spicy-pork-tenderloin/,Spicy Pork Tenderloin,salt
https://www.tasteofhome.com/recipes/spicy-pork-tenderloin/,Spicy Pork Tenderloin,ginger
https://www.tasteofhome.com/recipes/spicy-pork-tenderloin/,Spicy Pork Tenderloin,thyme
https://www.tasteofhome.com/recipes/spicy-pork-tenderloin/,Spicy Pork Tenderloin,pepper
https://www.tasteofhome.com/recipes/spicy-pork-tenderloin/,Spicy Pork Tenderloin,pound
https://www.tasteofhome.com/recipes/veggie-packed-strata/,Veggie-Packed Strata,julienned
https://www.tasteofhome.com/recipes/veggie-packed-strata/,Veggie-Packed Strata,julienned
https://www.tasteofhome.com/recipes/veggie-packed-strata/,Veggie-Packed Strata,sliced
https://www.tasteofhome.com/recipes/veggie-packed-strata/,Veggie-Packed Strata,divided
https://www.tasteofhome.com/recipes/veggie-packed-strata/,Veggie-Packed Strata,minced
https://www.tasteofhome.com/recipes/veggie-packed-strata/,Veggie-Packed Strata,sliced
https://www.tasteofhome.com/recipes/veggie-packed-strata/,Veggie-Packed Strata,sliced
https://www.tasteofhome.com/recipes/veggie-packed-strata/,Veggie-Packed Strata,sliced
https://www.tasteofhome.com/recipes/veggie-packed-strata/,Veggie-Packed Strata,softened
https://www.tasteofhome.com/recipes/veggie-packed-strata/,Veggie-Packed Strata,cream
https://www.tasteofhome.com/recipes/veggie-packed-strata/,Veggie-Packed Strata,salt
https://www.tasteofhome.com/recipes/veggie-packed-strata/,Veggie-Packed Strata,pepper
https://www.tasteofhome.com/recipes/veggie-packed-strata/,Veggie-Packed Strata,temperature
https://www.tasteofhome.com/recipes/veggie-packed-strata/,Veggie-Packed Strata,divided
https://www.tasteofhome.com/recipes/veggie-packed-strata/,Veggie-Packed Strata,cheese
https://www.tasteofhome.com/recipes/crumb-topped-salmon/,Crumb-Topped Salmon,crumbs
https://www.tasteofhome.com/recipes/crumb-topped-salmon/,Crumb-Topped Salmon,parsley
https://www.tasteofhome.com/recipes/crumb-topped-salmon/,Crumb-Topped Salmon,thyme
https://www.tasteofhome.com/recipes/crumb-topped-salmon/,Crumb-Topped Salmon,minced
https://www.tasteofhome.com/recipes/crumb-topped-salmon/,Crumb-Topped Salmon,zest
https://www.tasteofhome.com/recipes/crumb-topped-salmon/,Crumb-Topped Salmon,salt
https://www.tasteofhome.com/recipes/crumb-topped-salmon/,Crumb-Topped Salmon,seasoning
https://www.tasteofhome.com/recipes/crumb-topped-salmon/,Crumb-Topped Salmon,paprika
https://www.tasteofhome.com/recipes/crumb-topped-salmon/,Crumb-Topped Salmon,melted
https://www.tasteofhome.com/recipes/crumb-topped-salmon/,Crumb-Topped Salmon,fillets
https://www.tasteofhome.com/recipes/layered-salad-for-a-crowd/,Layered Salad for a Crowd,mayonnaise
https://www.tasteofhome.com/recipes/layered-salad-for-a-crowd/,Layered Salad for a Crowd,milk
https://www.tasteofhome.com/recipes/layered-salad-for-a-crowd/,Layered Salad for a Crowd,weed
https://www.tasteofhome.com/recipes/layered-salad-for-a-crowd/,Layered Salad for a Crowd,blend
https://www.tasteofhome.com/recipes/layered-salad-for-a-crowd/,Layered Salad for a Crowd,torn
https://www.tasteofhome.com/recipes/layered-salad-for-a-crowd/,Layered Salad for a Crowd,grated
https://www.tasteofhome.com/recipes/layered-salad-for-a-crowd/,Layered Salad for a Crowd,onion
https://www.tasteofhome.com/recipes/layered-salad-for-a-crowd/,Layered Salad for a Crowd,sliced
https://www.tasteofhome.com/recipes/layered-salad-for-a-crowd/,Layered Salad for a Crowd,thawed
https://www.tasteofhome.com/recipes/layered-salad-for-a-crowd/,Layered Salad for a Crowd,cheese
https://www.tasteofhome.com/recipes/layered-salad-for-a-crowd/,Layered Salad for a Crowd,crumbled
https://www.tasteofhome.com/recipes/apple-pull-apart-bread/,Apple Pull-Apart Bread,yeast
https://www.tasteofhome.com/recipes/apple-pull-apart-bread/,Apple Pull-Apart Bread,milk
https://www.tasteofhome.com/recipes/apple-pull-apart-bread/,Apple Pull-Apart Bread,divided
https://www.tasteofhome.com/recipes/apple-pull-apart-bread/,Apple Pull-Apart Bread,egg
https://www.tasteofhome.com/recipes/apple-pull-apart-bread/,Apple Pull-Apart Bread,divided
https://www.tasteofhome.com/recipes/apple-pull-apart-bread/,Apple Pull-Apart Bread,salt
https://www.tasteofhome.com/recipes/apple-pull-apart-bread/,Apple Pull-Apart Bread,flour
https://www.tasteofhome.com/recipes/apple-pull-apart-bread/,Apple Pull-Apart Bread,chopped
https://www.tasteofhome.com/recipes/apple-pull-apart-bread/,Apple Pull-Apart Bread,pecans
https://www.tasteofhome.com/recipes/apple-pull-apart-bread/,Apple Pull-Apart Bread,cinnamon
https://www.tasteofhome.com/recipes/apple-pull-apart-bread/,Apple Pull-Apart Bread,icing
https://www.tasteofhome.com/recipes/apple-pull-apart-bread/,Apple Pull-Apart Bread,sugar
https://www.tasteofhome.com/recipes/apple-pull-apart-bread/,Apple Pull-Apart Bread,water
https://www.tasteofhome.com/recipes/apple-pull-apart-bread/,Apple Pull-Apart Bread,extract
https://www.tasteofhome.com/recipes/big-kahuna-pizza/,Big Kahuna Pizza,crust
https://www.tasteofhome.com/recipes/big-kahuna-pizza/,Big Kahuna Pizza,pork
https://www.tasteofhome.com/recipes/big-kahuna-pizza/,Big Kahuna Pizza,drained
https://www.tasteofhome.com/recipes/big-kahuna-pizza/,Big Kahuna Pizza,onion
https://www.tasteofhome.com/recipes/big-kahuna-pizza/,Big Kahuna Pizza,cheese
https://www.tasteofhome.com/recipes/lemony-turkey-rice-soup/,Lemony Turkey Rice Soup,turkey
https://www.tasteofhome.com/recipes/lemony-turkey-rice-soup/,Lemony Turkey Rice Soup,rice
https://www.tasteofhome.com/recipes/lemony-turkey-rice-soup/,Lemony Turkey Rice Soup,undiluted
https://www.tasteofhome.com/recipes/lemony-turkey-rice-soup/,Lemony Turkey Rice Soup,pepper
https://www.tasteofhome.com/recipes/lemony-turkey-rice-soup/,Lemony Turkey Rice Soup,divided
https://www.tasteofhome.com/recipes/lemony-turkey-rice-soup/,Lemony Turkey Rice Soup,cornstarch
https://www.tasteofhome.com/recipes/lemony-turkey-rice-soup/,Lemony Turkey Rice Soup,juice
https://www.tasteofhome.com/recipes/lemony-turkey-rice-soup/,Lemony Turkey Rice Soup,cilantro
https://www.tasteofhome.com/recipes/chocolate-bavarian-torte/,Chocolate Bavarian Torte,size
https://www.tasteofhome.com/recipes/chocolate-bavarian-torte/,Chocolate Bavarian Torte,softened
https://www.tasteofhome.com/recipes/chocolate-bavarian-torte/,Chocolate Bavarian Torte,sugar
https://www.tasteofhome.com/recipes/chocolate-bavarian-torte/,Chocolate Bavarian Torte,extract
https://www.tasteofhome.com/recipes/chocolate-bavarian-torte/,Chocolate Bavarian Torte,salt
https://www.tasteofhome.com/recipes/chocolate-bavarian-torte/,Chocolate Bavarian Torte,whipped
https://www.tasteofhome.com/recipes/chocolate-bavarian-torte/,Chocolate Bavarian Torte,chocolate
https://www.tasteofhome.com/recipes/garden-chickpea-salad/,Garden Chickpea Salad,seeds
https://www.tasteofhome.com/recipes/garden-chickpea-salad/,Garden Chickpea Salad,tomato
https://www.tasteofhome.com/recipes/garden-chickpea-salad/,Garden Chickpea Salad,juice
https://www.tasteofhome.com/recipes/garden-chickpea-salad/,Garden Chickpea Salad,oil
https://www.tasteofhome.com/recipes/garden-chickpea-salad/,Garden Chickpea Salad,minced
https://www.tasteofhome.com/recipes/garden-chickpea-salad/,Garden Chickpea Salad,salt
https://www.tasteofhome.com/recipes/garden-chickpea-salad/,Garden Chickpea Salad,pepper
https://www.tasteofhome.com/recipes/garden-chickpea-salad/,Garden Chickpea Salad,salad
https://www.tasteofhome.com/recipes/garden-chickpea-salad/,Garden Chickpea Salad,drained
https://www.tasteofhome.com/recipes/garden-chickpea-salad/,Garden Chickpea Salad,julienned
https://www.tasteofhome.com/recipes/garden-chickpea-salad/,Garden Chickpea Salad,julienned
https://www.tasteofhome.com/recipes/garden-chickpea-salad/,Garden Chickpea Salad,sliced
https://www.tasteofhome.com/recipes/garden-chickpea-salad/,Garden Chickpea Salad,parsley
https://www.tasteofhome.com/recipes/garden-chickpea-salad/,Garden Chickpea Salad,radishes
https://www.tasteofhome.com/recipes/garden-chickpea-salad/,Garden Chickpea Salad,cheese
https://www.tasteofhome.com/recipes/garden-chickpea-salad/,Garden Chickpea Salad,walnuts
https://www.tasteofhome.com/recipes/garden-chickpea-salad/,Garden Chickpea Salad,greens
https://www.tasteofhome.com/recipes/meatball-pie/,Meatball Pie,beef
https://www.tasteofhome.com/recipes/meatball-pie/,Meatball Pie,crumbs
https://www.tasteofhome.com/recipes/meatball-pie/,Meatball Pie,onion
https://www.tasteofhome.com/recipes/meatball-pie/,Meatball Pie,parsley
https://www.tasteofhome.com/recipes/meatball-pie/,Meatball Pie,salt
https://www.tasteofhome.com/recipes/meatball-pie/,Meatball Pie,marjoram
https://www.tasteofhome.com/recipes/meatball-pie/,Meatball Pie,pepper
https://www.tasteofhome.com/recipes/meatball-pie/,Meatball Pie,milk
https://www.tasteofhome.com/recipes/meatball-pie/,Meatball Pie,beaten
https://www.tasteofhome.com/recipes/meatball-pie/,Meatball Pie,tomatoes
https://www.tasteofhome.com/recipes/meatball-pie/,Meatball Pie,cornstarch
https://www.tasteofhome.com/recipes/meatball-pie/,Meatball Pie,granules
https://www.tasteofhome.com/recipes/meatball-pie/,Meatball Pie,peas
https://www.tasteofhome.com/recipes/meatball-pie/,Meatball Pie,cooked
https://www.tasteofhome.com/recipes/meatball-pie/,Meatball Pie,crust
https://www.tasteofhome.com/recipes/meatball-pie/,Meatball Pie,flour
https://www.tasteofhome.com/recipes/meatball-pie/,Meatball Pie,salt
https://www.tasteofhome.com/recipes/meatball-pie/,Meatball Pie,shortening
https://www.tasteofhome.com/recipes/meatball-pie/,Meatball Pie,water
https://www.tasteofhome.com/recipes/meatball-pie/,Meatball Pie,cream
https://www.tasteofhome.com/recipes/creamy-turkey-gravy/,Creamy Turkey Gravy,cornstarch
https://www.tasteofhome.com/recipes/creamy-turkey-gravy/,Creamy Turkey Gravy,drippings
https://www.tasteofhome.com/recipes/creamy-turkey-gravy/,Creamy Turkey Gravy,salt
https://www.tasteofhome.com/recipes/creamy-turkey-gravy/,Creamy Turkey Gravy,pepper
https://www.tasteofhome.com/recipes/creamy-turkey-gravy/,Creamy Turkey Gravy,broth
https://www.tasteofhome.com/recipes/creamy-turkey-gravy/,Creamy Turkey Gravy,milk
https://www.tasteofhome.com/recipes/penne-alla-vodka/,Penne alla Vodka,pasta
https://www.tasteofhome.com/recipes/penne-alla-vodka/,Penne alla Vodka,butter
https://www.tasteofhome.com/recipes/penne-alla-vodka/,Penne alla Vodka,minced
https://www.tasteofhome.com/recipes/penne-alla-vodka/,Penne alla Vodka,strips
https://www.tasteofhome.com/recipes/penne-alla-vodka/,Penne alla Vodka,chopped
https://www.tasteofhome.com/recipes/penne-alla-vodka/,Penne alla Vodka,vodka
https://www.tasteofhome.com/recipes/penne-alla-vodka/,Penne alla Vodka,salt
https://www.tasteofhome.com/recipes/penne-alla-vodka/,Penne alla Vodka,flakes
https://www.tasteofhome.com/recipes/penne-alla-vodka/,Penne alla Vodka,cream
https://www.tasteofhome.com/recipes/penne-alla-vodka/,Penne alla Vodka,cheese
https://www.tasteofhome.com/recipes/mashed-cauliflower-with-parmesan/,Mashed Cauliflower with Parmesan,florets
https://www.tasteofhome.com/recipes/mashed-cauliflower-with-parmesan/,Mashed Cauliflower with Parmesan,divided
https://www.tasteofhome.com/recipes/mashed-cauliflower-with-parmesan/,Mashed Cauliflower with Parmesan,cream
https://www.tasteofhome.com/recipes/mashed-cauliflower-with-parmesan/,Mashed Cauliflower with Parmesan,butter
https://www.tasteofhome.com/recipes/mashed-cauliflower-with-parmesan/,Mashed Cauliflower with Parmesan,pepper
https://www.tasteofhome.com/recipes/mashed-cauliflower-with-parmesan/,Mashed Cauliflower with Parmesan,optional
https://www.tasteofhome.com/recipes/eggsquisite-breakfast-casserole/,Eggsquisite Breakfast Casserole,diced
https://www.tasteofhome.com/recipes/eggsquisite-breakfast-casserole/,Eggsquisite Breakfast Casserole,strips
https://www.tasteofhome.com/recipes/eggsquisite-breakfast-casserole/,Eggsquisite Breakfast Casserole,mushrooms
https://www.tasteofhome.com/recipes/eggsquisite-breakfast-casserole/,Eggsquisite Breakfast Casserole,flour
https://www.tasteofhome.com/recipes/eggsquisite-breakfast-casserole/,Eggsquisite Breakfast Casserole,pepper
https://www.tasteofhome.com/recipes/eggsquisite-breakfast-casserole/,Eggsquisite Breakfast Casserole,milk
https://www.tasteofhome.com/recipes/eggsquisite-breakfast-casserole/,Eggsquisite Breakfast Casserole,eggs
https://www.tasteofhome.com/recipes/eggsquisite-breakfast-casserole/,Eggsquisite Breakfast Casserole,milk
https://www.tasteofhome.com/recipes/eggsquisite-breakfast-casserole/,Eggsquisite Breakfast Casserole,salt
https://www.tasteofhome.com/recipes/eggsquisite-breakfast-casserole/,Eggsquisite Breakfast Casserole,butter
https://www.tasteofhome.com/recipes/eggsquisite-breakfast-casserole/,Eggsquisite Breakfast Casserole,optional
https://www.tasteofhome.com/recipes/gingerbread-snowflakes/,Gingerbread Snowflakes,softened
https://www.tasteofhome.com/recipes/gingerbread-snowflakes/,Gingerbread Snowflakes,sugar
https://www.tasteofhome.com/recipes/gingerbread-snowflakes/,Gingerbread Snowflakes,molasses
https://www.tasteofhome.com/recipes/gingerbread-snowflakes/,Gingerbread Snowflakes,water
https://www.tasteofhome.com/recipes/gingerbread-snowflakes/,Gingerbread Snowflakes,flour
https://www.tasteofhome.com/recipes/gingerbread-snowflakes/,Gingerbread Snowflakes,ginger
https://www.tasteofhome.com/recipes/gingerbread-snowflakes/,Gingerbread Snowflakes,soda
https://www.tasteofhome.com/recipes/gingerbread-snowflakes/,Gingerbread Snowflakes,cinnamon
https://www.tasteofhome.com/recipes/gingerbread-snowflakes/,Gingerbread Snowflakes,allspice
https://www.tasteofhome.com/recipes/gingerbread-snowflakes/,Gingerbread Snowflakes,salt
https://www.tasteofhome.com/recipes/gingerbread-snowflakes/,Gingerbread Snowflakes,frosting
https://www.tasteofhome.com/recipes/gingerbread-snowflakes/,Gingerbread Snowflakes,sugar
https://www.tasteofhome.com/recipes/gingerbread-snowflakes/,Gingerbread Snowflakes,water
https://www.tasteofhome.com/recipes/gingerbread-snowflakes/,Gingerbread Snowflakes,syrup
https://www.tasteofhome.com/recipes/gingerbread-snowflakes/,Gingerbread Snowflakes,extract
https://www.tasteofhome.com/recipes/garlic-chive-baked-fries/,Garlic-Chive Baked Fries,potatoes
https://www.tasteofhome.com/recipes/garlic-chive-baked-fries/,Garlic-Chive Baked Fries,oil
https://www.tasteofhome.com/recipes/garlic-chive-baked-fries/,Garlic-Chive Baked Fries,chives
https://www.tasteofhome.com/recipes/garlic-chive-baked-fries/,Garlic-Chive Baked Fries,salt
https://www.tasteofhome.com/recipes/garlic-chive-baked-fries/,Garlic-Chive Baked Fries,powder
https://www.tasteofhome.com/recipes/garlic-chive-baked-fries/,Garlic-Chive Baked Fries,pepper
https://www.tasteofhome.com/recipes/bacon-tomato-topped-haddock/,Bacon & Tomato-Topped Haddock,chopped
https://www.tasteofhome.com/recipes/bacon-tomato-topped-haddock/,Bacon & Tomato-Topped Haddock,sliced
https://www.tasteofhome.com/recipes/bacon-tomato-topped-haddock/,Bacon & Tomato-Topped Haddock,minced
https://www.tasteofhome.com/recipes/bacon-tomato-topped-haddock/,Bacon & Tomato-Topped Haddock,crumbs
https://www.tasteofhome.com/recipes/bacon-tomato-topped-haddock/,Bacon & Tomato-Topped Haddock,chopped
https://www.tasteofhome.com/recipes/bacon-tomato-topped-haddock/,Bacon & Tomato-Topped Haddock,parsley
https://www.tasteofhome.com/recipes/bacon-tomato-topped-haddock/,Bacon & Tomato-Topped Haddock,oil
https://www.tasteofhome.com/recipes/bacon-tomato-topped-haddock/,Bacon & Tomato-Topped Haddock,melted
https://www.tasteofhome.com/recipes/bacon-tomato-topped-haddock/,Bacon & Tomato-Topped Haddock,fillets
https://www.tasteofhome.com/recipes/bacon-tomato-topped-haddock/,Bacon & Tomato-Topped Haddock,juice
https://www.tasteofhome.com/recipes/bacon-tomato-topped-haddock/,Bacon & Tomato-Topped Haddock,salt
https://www.tasteofhome.com/recipes/turkey-curry/,Turkey Curry,celery
https://www.tasteofhome.com/recipes/turkey-curry/,Turkey Curry,carrots
https://www.tasteofhome.com/recipes/turkey-curry/,Turkey Curry,milk
https://www.tasteofhome.com/recipes/turkey-curry/,Turkey Curry,cornstarch
https://www.tasteofhome.com/recipes/turkey-curry/,Turkey Curry,broth
https://www.tasteofhome.com/recipes/turkey-curry/,Turkey Curry,chicken
https://www.tasteofhome.com/recipes/turkey-curry/,Turkey Curry,onion
https://www.tasteofhome.com/recipes/turkey-curry/,Turkey Curry,powder
https://www.tasteofhome.com/recipes/turkey-curry/,Turkey Curry,powder
https://www.tasteofhome.com/recipes/turkey-curry/,Turkey Curry,optional
https://www.tasteofhome.com/recipes/quinoa-tabbouleh/,Quinoa Tabbouleh,water
https://www.tasteofhome.com/recipes/quinoa-tabbouleh/,Quinoa Tabbouleh,rinsed
https://www.tasteofhome.com/recipes/quinoa-tabbouleh/,Quinoa Tabbouleh,drained
https://www.tasteofhome.com/recipes/quinoa-tabbouleh/,Quinoa Tabbouleh,chopped
https://www.tasteofhome.com/recipes/quinoa-tabbouleh/,Quinoa Tabbouleh,chopped
https://www.tasteofhome.com/recipes/quinoa-tabbouleh/,Quinoa Tabbouleh,parsley
https://www.tasteofhome.com/recipes/quinoa-tabbouleh/,Quinoa Tabbouleh,juice
https://www.tasteofhome.com/recipes/quinoa-tabbouleh/,Quinoa Tabbouleh,oil
https://www.tasteofhome.com/recipes/quinoa-tabbouleh/,Quinoa Tabbouleh,salt
https://www.tasteofhome.com/recipes/quinoa-tabbouleh/,Quinoa Tabbouleh,pepper
https://www.tasteofhome.com/recipes/roasted-tater-rounds-with-green-onions-tarragon/,Roasted Tater Rounds with Green Onions & Tarragon,thick
https://www.tasteofhome.com/recipes/roasted-tater-rounds-with-green-onions-tarragon/,Roasted Tater Rounds with Green Onions & Tarragon,spray
https://www.tasteofhome.com/recipes/roasted-tater-rounds-with-green-onions-tarragon/,Roasted Tater Rounds with Green Onions & Tarragon,salt
https://www.tasteofhome.com/recipes/roasted-tater-rounds-with-green-onions-tarragon/,Roasted Tater Rounds with Green Onions & Tarragon,pepper
https://www.tasteofhome.com/recipes/roasted-tater-rounds-with-green-onions-tarragon/,Roasted Tater Rounds with Green Onions & Tarragon,sliced
https://www.tasteofhome.com/recipes/roasted-tater-rounds-with-green-onions-tarragon/,Roasted Tater Rounds with Green Onions & Tarragon,parsley
https://www.tasteofhome.com/recipes/roasted-tater-rounds-with-green-onions-tarragon/,Roasted Tater Rounds with Green Onions & Tarragon,tarragon
https://www.tasteofhome.com/recipes/roasted-tater-rounds-with-green-onions-tarragon/,Roasted Tater Rounds with Green Onions & Tarragon,optional
https://www.tasteofhome.com/recipes/turkey-gyros/,Turkey Gyros,peeled
https://www.tasteofhome.com/recipes/turkey-gyros/,Turkey Gyros,cream
https://www.tasteofhome.com/recipes/turkey-gyros/,Turkey Gyros,onion
https://www.tasteofhome.com/recipes/turkey-gyros/,Turkey Gyros,weed
https://www.tasteofhome.com/recipes/turkey-gyros/,Turkey Gyros,juice
https://www.tasteofhome.com/recipes/turkey-gyros/,Turkey Gyros,oil
https://www.tasteofhome.com/recipes/turkey-gyros/,Turkey Gyros,strips
https://www.tasteofhome.com/recipes/turkey-gyros/,Turkey Gyros,seasoning
https://www.tasteofhome.com/recipes/turkey-gyros/,Turkey Gyros,lettuce
https://www.tasteofhome.com/recipes/turkey-gyros/,Turkey Gyros,slices
https://www.tasteofhome.com/recipes/turkey-gyros/,Turkey Gyros,warmed
https://www.tasteofhome.com/recipes/turkey-gyros/,Turkey Gyros,cheese
https://www.tasteofhome.com/recipes/topsy-turvy-sangria/,Topsy-Turvy Sangria,merlot
https://www.tasteofhome.com/recipes/topsy-turvy-sangria/,Topsy-Turvy Sangria,sugar
https://www.tasteofhome.com/recipes/topsy-turvy-sangria/,Topsy-Turvy Sangria,liqueur
https://www.tasteofhome.com/recipes/topsy-turvy-sangria/,Topsy-Turvy Sangria,brandy
https://www.tasteofhome.com/recipes/topsy-turvy-sangria/,Topsy-Turvy Sangria,soda
https://www.tasteofhome.com/recipes/topsy-turvy-sangria/,Topsy-Turvy Sangria,strawberries
https://www.tasteofhome.com/recipes/topsy-turvy-sangria/,Topsy-Turvy Sangria,sliced
https://www.tasteofhome.com/recipes/topsy-turvy-sangria/,Topsy-Turvy Sangria,sliced
https://www.tasteofhome.com/recipes/topsy-turvy-sangria/,Topsy-Turvy Sangria,sliced
https://www.tasteofhome.com/recipes/topsy-turvy-sangria/,Topsy-Turvy Sangria,cubes
https://www.tasteofhome.com/recipes/oat-dinner-rolls/,Oat Dinner Rolls,divided
https://www.tasteofhome.com/recipes/oat-dinner-rolls/,Oat Dinner Rolls,oats
https://www.tasteofhome.com/recipes/oat-dinner-rolls/,Oat Dinner Rolls,sugar
https://www.tasteofhome.com/recipes/oat-dinner-rolls/,Oat Dinner Rolls,butter
https://www.tasteofhome.com/recipes/oat-dinner-rolls/,Oat Dinner Rolls,salt
https://www.tasteofhome.com/recipes/oat-dinner-rolls/,Oat Dinner Rolls,yeast
https://www.tasteofhome.com/recipes/oat-dinner-rolls/,Oat Dinner Rolls,flour
https://www.tasteofhome.com/recipes/golden-mashed-potatoes/,Golden Mashed Potatoes,peeled
https://www.tasteofhome.com/recipes/golden-mashed-potatoes/,Golden Mashed Potatoes,chunks
https://www.tasteofhome.com/recipes/golden-mashed-potatoes/,Golden Mashed Potatoes,sliced
https://www.tasteofhome.com/recipes/golden-mashed-potatoes/,Golden Mashed Potatoes,butter
https://www.tasteofhome.com/recipes/golden-mashed-potatoes/,Golden Mashed Potatoes,cream
https://www.tasteofhome.com/recipes/golden-mashed-potatoes/,Golden Mashed Potatoes,salt
https://www.tasteofhome.com/recipes/golden-mashed-potatoes/,Golden Mashed Potatoes,pepper
https://www.tasteofhome.com/recipes/golden-mashed-potatoes/,Golden Mashed Potatoes,cheese
https://www.tasteofhome.com/recipes/turkey-asparagus-stir-fry/,Turkey Asparagus Stir-Fry,oil
https://www.tasteofhome.com/recipes/turkey-asparagus-stir-fry/,Turkey Asparagus Stir-Fry,strips
https://www.tasteofhome.com/recipes/turkey-asparagus-stir-fry/,Turkey Asparagus Stir-Fry,pieces
https://www.tasteofhome.com/recipes/turkey-asparagus-stir-fry/,Turkey Asparagus Stir-Fry,sliced
https://www.tasteofhome.com/recipes/turkey-asparagus-stir-fry/,Turkey Asparagus Stir-Fry,pieces
https://www.tasteofhome.com/recipes/turkey-asparagus-stir-fry/,Turkey Asparagus Stir-Fry,pieces
https://www.tasteofhome.com/recipes/turkey-asparagus-stir-fry/,Turkey Asparagus Stir-Fry,minced
https://www.tasteofhome.com/recipes/turkey-asparagus-stir-fry/,Turkey Asparagus Stir-Fry,ginger
https://www.tasteofhome.com/recipes/turkey-asparagus-stir-fry/,Turkey Asparagus Stir-Fry,water
https://www.tasteofhome.com/recipes/turkey-asparagus-stir-fry/,Turkey Asparagus Stir-Fry,sauce
https://www.tasteofhome.com/recipes/turkey-asparagus-stir-fry/,Turkey Asparagus Stir-Fry,cornstarch
https://www.tasteofhome.com/recipes/turkey-asparagus-stir-fry/,Turkey Asparagus Stir-Fry,drained
https://www.tasteofhome.com/recipes/turkey-asparagus-stir-fry/,Turkey Asparagus Stir-Fry,rice
https://www.tasteofhome.com/recipes/turkey-asparagus-stir-fry/,Turkey Asparagus Stir-Fry,wedges
https://www.tasteofhome.com/recipes/chocolate-truffle-cheesecake/,Chocolate Truffle Cheesecake,wafers
https://www.tasteofhome.com/recipes/chocolate-truffle-cheesecake/,Chocolate Truffle Cheesecake,sugar
https://www.tasteofhome.com/recipes/chocolate-truffle-cheesecake/,Chocolate Truffle Cheesecake,melted
https://www.tasteofhome.com/recipes/chocolate-truffle-cheesecake/,Chocolate Truffle Cheesecake,filling
https://www.tasteofhome.com/recipes/chocolate-truffle-cheesecake/,Chocolate Truffle Cheesecake,chips
https://www.tasteofhome.com/recipes/chocolate-truffle-cheesecake/,Chocolate Truffle Cheesecake,cream
https://www.tasteofhome.com/recipes/chocolate-truffle-cheesecake/,Chocolate Truffle Cheesecake,softened
https://www.tasteofhome.com/recipes/chocolate-truffle-cheesecake/,Chocolate Truffle Cheesecake,sugar
https://www.tasteofhome.com/recipes/chocolate-truffle-cheesecake/,Chocolate Truffle Cheesecake,cocoa
https://www.tasteofhome.com/recipes/chocolate-truffle-cheesecake/,Chocolate Truffle Cheesecake,beaten
https://www.tasteofhome.com/recipes/chocolate-truffle-cheesecake/,Chocolate Truffle Cheesecake,extract
https://www.tasteofhome.com/recipes/chocolate-truffle-cheesecake/,Chocolate Truffle Cheesecake,topping
https://www.tasteofhome.com/recipes/chocolate-truffle-cheesecake/,Chocolate Truffle Cheesecake,chips
https://www.tasteofhome.com/recipes/chocolate-truffle-cheesecake/,Chocolate Truffle Cheesecake,cream
https://www.tasteofhome.com/recipes/chocolate-truffle-cheesecake/,Chocolate Truffle Cheesecake,extract
https://www.tasteofhome.com/recipes/chocolate-truffle-cheesecake/,Chocolate Truffle Cheesecake,optional
https://www.tasteofhome.com/recipes/quick-calzones/,Quick Calzones,thawed
https://www.tasteofhome.com/recipes/quick-calzones/,Quick Calzones,sauce
https://www.tasteofhome.com/recipes/quick-calzones/,Quick Calzones,cheese
https://www.tasteofhome.com/recipes/quick-calzones/,Quick Calzones,milk
https://www.tasteofhome.com/recipes/quick-calzones/,Quick Calzones,seasoning
https://www.tasteofhome.com/recipes/quick-calzones/,Quick Calzones,cheese
https://www.tasteofhome.com/recipes/christmas-jam/,Christmas Jam,hulled
https://www.tasteofhome.com/recipes/christmas-jam/,Christmas Jam,thawed
https://www.tasteofhome.com/recipes/christmas-jam/,Christmas Jam,sugar
https://www.tasteofhome.com/recipes/christmas-jam/,Christmas Jam,pectin
https://www.tasteofhome.com/recipes/gulf-coast-jambalaya-rice/,Gulf Coast Jambalaya Rice,cubes
https://www.tasteofhome.com/recipes/gulf-coast-jambalaya-rice/,Gulf Coast Jambalaya Rice,slices
https://www.tasteofhome.com/recipes/gulf-coast-jambalaya-rice/,Gulf Coast Jambalaya Rice,stock
https://www.tasteofhome.com/recipes/gulf-coast-jambalaya-rice/,Gulf Coast Jambalaya Rice,chopped
https://www.tasteofhome.com/recipes/gulf-coast-jambalaya-rice/,Gulf Coast Jambalaya Rice,onion
https://www.tasteofhome.com/recipes/gulf-coast-jambalaya-rice/,Gulf Coast Jambalaya Rice,chopped
https://www.tasteofhome.com/recipes/gulf-coast-jambalaya-rice/,Gulf Coast Jambalaya Rice,minced
https://www.tasteofhome.com/recipes/gulf-coast-jambalaya-rice/,Gulf Coast Jambalaya Rice,seasoning
https://www.tasteofhome.com/recipes/gulf-coast-jambalaya-rice/,Gulf Coast Jambalaya Rice,seasoning
https://www.tasteofhome.com/recipes/gulf-coast-jambalaya-rice/,Gulf Coast Jambalaya Rice,pepper
https://www.tasteofhome.com/recipes/gulf-coast-jambalaya-rice/,Gulf Coast Jambalaya Rice,deveined
https://www.tasteofhome.com/recipes/gulf-coast-jambalaya-rice/,Gulf Coast Jambalaya Rice,rice
https://www.tasteofhome.com/recipes/skillet-ham-rice/,Skillet Ham & Rice,oil
https://www.tasteofhome.com/recipes/skillet-ham-rice/,Skillet Ham & Rice,chopped
https://www.tasteofhome.com/recipes/skillet-ham-rice/,Skillet Ham & Rice,mushrooms
https://www.tasteofhome.com/recipes/skillet-ham-rice/,Skillet Ham & Rice,ham
https://www.tasteofhome.com/recipes/skillet-ham-rice/,Skillet Ham & Rice,pepper
https://www.tasteofhome.com/recipes/skillet-ham-rice/,Skillet Ham & Rice,broth
https://www.tasteofhome.com/recipes/skillet-ham-rice/,Skillet Ham & Rice,water
https://www.tasteofhome.com/recipes/skillet-ham-rice/,Skillet Ham & Rice,rice
https://www.tasteofhome.com/recipes/skillet-ham-rice/,Skillet Ham & Rice,sliced
https://www.tasteofhome.com/recipes/skillet-ham-rice/,Skillet Ham & Rice,cheese
https://www.tasteofhome.com/recipes/cranberry-sauce/,Cranberry Sauce,cranberries
https://www.tasteofhome.com/recipes/cranberry-sauce/,Cranberry Sauce,sugar
https://www.tasteofhome.com/recipes/cranberry-sauce/,Cranberry Sauce,juice
https://www.tasteofhome.com/recipes/cranberry-sauce/,Cranberry Sauce,juice
https://www.tasteofhome.com/recipes/rich-chicken-alfredo-pizza/,Rich Chicken Alfredo Pizza,butter
https://www.tasteofhome.com/recipes/rich-chicken-alfredo-pizza/,Rich Chicken Alfredo Pizza,minced
https://www.tasteofhome.com/recipes/rich-chicken-alfredo-pizza/,Rich Chicken Alfredo Pizza,cream
https://www.tasteofhome.com/recipes/rich-chicken-alfredo-pizza/,Rich Chicken Alfredo Pizza,cheese
https://www.tasteofhome.com/recipes/rich-chicken-alfredo-pizza/,Rich Chicken Alfredo Pizza,salt
https://www.tasteofhome.com/recipes/rich-chicken-alfredo-pizza/,Rich Chicken Alfredo Pizza,pepper
https://www.tasteofhome.com/recipes/rich-chicken-alfredo-pizza/,Rich Chicken Alfredo Pizza,parsley
https://www.tasteofhome.com/recipes/rich-chicken-alfredo-pizza/,Rich Chicken Alfredo Pizza,crust
https://www.tasteofhome.com/recipes/rich-chicken-alfredo-pizza/,Rich Chicken Alfredo Pizza,breast
https://www.tasteofhome.com/recipes/rich-chicken-alfredo-pizza/,Rich Chicken Alfredo Pizza,mushrooms
https://www.tasteofhome.com/recipes/rich-chicken-alfredo-pizza/,Rich Chicken Alfredo Pizza,spinach
https://www.tasteofhome.com/recipes/rich-chicken-alfredo-pizza/,Rich Chicken Alfredo Pizza,cheese
https://www.tasteofhome.com/recipes/buffalo-chicken-dip/,Buffalo Chicken Dip,softened
https://www.tasteofhome.com/recipes/buffalo-chicken-dip/,Buffalo Chicken Dip,breast
https://www.tasteofhome.com/recipes/buffalo-chicken-dip/,Buffalo Chicken Dip,sauce
https://www.tasteofhome.com/recipes/buffalo-chicken-dip/,Buffalo Chicken Dip,dressing
https://www.tasteofhome.com/recipes/buffalo-chicken-dip/,Buffalo Chicken Dip,cheese
https://www.tasteofhome.com/recipes/buffalo-chicken-dip/,Buffalo Chicken Dip,chips
